timestamp	magnetometer_x	magnetometer_y	magnetometer_z
1.244790e-01	-5.222e+01	2.204e+02	2.718e+02
2.260410e-01	-5.201e+01	2.215e+02	2.963e+02
3.304110e-01	-5.431e+01	2.214e+02	2.965e+02
4.292270e-01	-5.188e+01	2.210e+02	2.944e+02
5.307590e-01	-5.432e+01	2.217e+02	2.962e+02
6.323830e-01	-5.131e+01	2.210e+02	2.938e+02
7.338540e-01	-5.419e+01	2.221e+02	2.958e+02
8.354770e-01	-5.228e+01	2.212e+02	2.936e+02
9.369790e-01	-5.394e+01	2.217e+02	2.966e+02
1.038572e+00	-5.416e+01	2.214e+02	2.934e+02
1.140134e+00	-5.380e+01	2.221e+02	2.956e+02
1.241697e+00	-5.383e+01	2.221e+02	2.940e+02
1.343290e+00	-5.416e+01	2.220e+02	2.966e+02
1.444852e+00	-5.441e+01	2.226e+02	2.953e+02
1.546415e+00	-5.433e+01	2.222e+02	2.963e+02
1.647977e+00	-5.446e+01	2.222e+02	2.955e+02
1.749586e+00	-5.444e+01	2.220e+02	2.960e+02
1.851149e+00	-5.387e+01	2.219e+02	2.958e+02
1.953047e+00	-5.427e+01	2.218e+02	2.960e+02
2.054304e+00	-5.422e+01	2.226e+02	2.956e+02
2.155836e+00	-5.435e+01	2.224e+02	2.948e+02
2.257399e+00	-5.443e+01	2.228e+02	2.954e+02
2.358961e+00	-5.442e+01	2.224e+02	2.952e+02
2.460524e+00	-5.512e+01	2.228e+02	2.955e+02
2.562147e+00	-5.470e+01	2.230e+02	2.950e+02
2.663618e+00	-5.446e+01	2.229e+02	2.955e+02
2.765242e+00	-5.453e+01	2.228e+02	2.956e+02
2.866804e+00	-5.432e+01	2.230e+02	2.952e+02
2.968336e+00	-5.405e+01	2.228e+02	2.947e+02
3.069899e+00	-5.453e+01	2.229e+02	2.946e+02
3.171461e+00	-5.503e+01	2.228e+02	2.946e+02
3.273024e+00	-5.442e+01	2.226e+02	2.939e+02
3.374557e+00	-5.451e+01	2.229e+02	2.949e+02
3.476150e+00	-5.466e+01	2.230e+02	2.949e+02
3.577682e+00	-5.432e+01	2.225e+02	2.943e+02
3.679275e+00	-5.497e+01	2.228e+02	2.947e+02
3.788620e+00	-5.493e+01	2.233e+02	2.940e+02
3.882370e+00	-5.502e+01	2.228e+02	2.948e+02
3.983902e+00	-5.514e+01	2.228e+02	2.947e+02
4.085495e+00	-5.510e+01	2.228e+02	2.947e+02
4.187057e+00	-5.499e+01	2.230e+02	2.948e+02
4.288620e+00	-5.455e+01	2.225e+02	2.948e+02
4.390182e+00	-5.336e+01	2.226e+02	2.942e+02
4.491745e+00	-5.482e+01	2.229e+02	2.944e+02
4.593429e+00	-5.239e+01	2.226e+02	2.944e+02
4.694931e+00	-5.510e+01	2.230e+02	2.944e+02
4.796432e+00	-5.232e+01	2.219e+02	2.941e+02
4.897995e+00	-5.497e+01	2.232e+02	2.941e+02
4.999655e+00	-5.230e+01	2.224e+02	2.926e+02
5.101065e+00	-5.451e+01	2.232e+02	2.941e+02
5.202628e+00	-5.212e+01	2.223e+02	2.920e+02
5.304190e+00	-5.488e+01	2.236e+02	2.951e+02
5.405753e+00	-5.209e+01	2.222e+02	2.920e+02
5.507346e+00	-5.534e+01	2.235e+02	2.945e+02
5.608908e+00	-5.245e+01	2.220e+02	2.921e+02
5.710440e+00	-5.508e+01	2.228e+02	2.943e+02
5.812155e+00	-5.244e+01	2.226e+02	2.917e+02
5.913596e+00	-5.534e+01	2.231e+02	2.937e+02
6.015128e+00	-5.234e+01	2.217e+02	2.918e+02
6.116660e+00	-5.505e+01	2.226e+02	2.938e+02
6.218222e+00	-5.248e+01	2.220e+02	2.910e+02
6.319846e+00	-5.265e+01	2.222e+02	2.918e+02
6.421347e+00	-5.531e+01	2.226e+02	2.937e+02
6.522971e+00	-5.266e+01	2.221e+02	2.912e+02
6.624576e+00	-5.553e+01	2.228e+02	2.937e+02
6.726169e+00	-5.485e+01	2.218e+02	2.919e+02
6.827731e+00	-5.515e+01	2.226e+02	2.940e+02
6.929263e+00	-5.574e+01	2.228e+02	2.920e+02
7.030826e+00	-5.535e+01	2.229e+02	2.941e+02
7.132419e+00	-5.560e+01	2.233e+02	2.922e+02
7.233951e+00	-5.492e+01	2.225e+02	2.936e+02
7.335513e+00	-5.559e+01	2.227e+02	2.934e+02
7.437076e+00	-5.560e+01	2.224e+02	2.939e+02
7.538638e+00	-5.564e+01	2.223e+02	2.914e+02
7.640201e+00	-5.571e+01	2.222e+02	2.916e+02
7.741794e+00	-5.559e+01	2.223e+02	2.909e+02
7.843356e+00	-5.551e+01	2.224e+02	2.908e+02
7.944858e+00	-5.520e+01	2.223e+02	2.907e+02
8.046481e+00	-5.552e+01	2.225e+02	2.913e+02
8.148013e+00	-5.482e+01	2.226e+02	2.918e+02
8.249663e+00	-5.475e+01	2.222e+02	2.921e+02
8.351134e+00	-5.471e+01	2.229e+02	2.919e+02
8.452666e+00	-5.479e+01	2.226e+02	2.921e+02
8.554320e+00	-5.523e+01	2.224e+02	2.913e+02
8.655791e+00	-5.499e+01	2.225e+02	2.918e+02
8.757445e+00	-5.459e+01	2.227e+02	2.907e+02
8.858916e+00	-5.475e+01	2.227e+02	2.911e+02
8.960479e+00	-5.502e+01	2.227e+02	2.912e+02
9.062072e+00	-5.465e+01	2.223e+02	2.906e+02
9.163634e+00	-5.526e+01	2.230e+02	2.911e+02
9.265471e+00	-5.501e+01	2.229e+02	2.909e+02
9.366759e+00	-5.510e+01	2.227e+02	2.911e+02
9.468291e+00	-5.518e+01	2.228e+02	2.911e+02
9.570250e+00	-5.523e+01	2.230e+02	2.911e+02
9.671416e+00	-5.458e+01	2.229e+02	2.908e+02
9.773009e+00	-5.543e+01	2.228e+02	2.912e+02
9.874548e+00	-5.485e+01	2.228e+02	2.909e+02
9.976050e+00	-5.503e+01	2.227e+02	2.903e+02
1.007761e+01	-5.464e+01	2.231e+02	2.901e+02
1.017920e+01	-5.492e+01	2.229e+02	2.906e+02
1.028071e+01	-5.339e+01	2.232e+02	2.906e+02
1.038233e+01	-5.524e+01	2.231e+02	2.910e+02
1.048392e+01	-5.287e+01	2.221e+02	2.902e+02
1.058543e+01	-5.531e+01	2.225e+02	2.911e+02
1.068696e+01	-5.269e+01	2.219e+02	2.898e+02
1.078858e+01	-5.510e+01	2.226e+02	2.910e+02
1.089011e+01	-5.313e+01	2.223e+02	2.890e+02
1.099170e+01	-5.505e+01	2.230e+02	2.908e+02
1.109327e+01	-5.276e+01	2.224e+02	2.889e+02
1.119486e+01	-5.526e+01	2.230e+02	2.911e+02
1.129639e+01	-5.249e+01	2.224e+02	2.885e+02
1.139793e+01	-5.571e+01	2.231e+02	2.907e+02
1.149979e+01	-5.252e+01	2.220e+02	2.892e+02
1.160130e+01	-5.590e+01	2.230e+02	2.912e+02
1.170289e+01	-5.283e+01	2.220e+02	2.886e+02
1.180442e+01	-5.582e+01	2.230e+02	2.916e+02
1.190598e+01	-5.295e+01	2.220e+02	2.892e+02
1.200761e+01	-5.513e+01	2.228e+02	2.912e+02
1.210917e+01	-5.295e+01	2.218e+02	2.895e+02
1.221073e+01	-5.442e+01	2.219e+02	2.892e+02
1.231229e+01	-5.549e+01	2.227e+02	2.920e+02
1.241383e+01	-5.565e+01	2.221e+02	2.892e+02
1.251539e+01	-5.585e+01	2.229e+02	2.917e+02
1.261698e+01	-5.598e+01	2.226e+02	2.898e+02
1.271851e+01	-5.543e+01	2.224e+02	2.916e+02
1.282008e+01	-5.527e+01	2.227e+02	2.907e+02
1.292161e+01	-5.560e+01	2.223e+02	2.917e+02
1.302345e+01	-5.542e+01	2.228e+02	2.915e+02
1.312477e+01	-5.497e+01	2.229e+02	2.925e+02
1.322625e+01	-5.565e+01	2.229e+02	2.922e+02
1.332793e+01	-5.541e+01	2.230e+02	2.924e+02
1.343013e+01	-5.546e+01	2.228e+02	2.927e+02
1.353093e+01	-5.565e+01	2.229e+02	2.929e+02
1.363253e+01	-5.529e+01	2.228e+02	2.924e+02
1.373409e+01	-5.541e+01	2.230e+02	2.926e+02
1.383562e+01	-5.515e+01	2.222e+02	2.926e+02
1.393718e+01	-5.555e+01	2.232e+02	2.928e+02
1.403875e+01	-5.490e+01	2.231e+02	2.930e+02
1.414034e+01	-5.463e+01	2.233e+02	2.927e+02
1.424187e+01	-5.470e+01	2.232e+02	2.923e+02
1.434346e+01	-5.449e+01	2.232e+02	2.918e+02
1.444500e+01	-5.493e+01	2.230e+02	2.918e+02
1.454656e+01	-5.459e+01	2.230e+02	2.916e+02
1.464815e+01	-5.466e+01	2.231e+02	2.919e+02
1.474961e+01	-5.476e+01	2.237e+02	2.914e+02
1.485120e+01	-5.513e+01	2.233e+02	2.920e+02
1.495273e+01	-5.509e+01	2.234e+02	2.918e+02
1.505429e+01	-5.458e+01	2.237e+02	2.921e+02
1.515592e+01	-5.448e+01	2.240e+02	2.926e+02
1.525742e+01	-5.469e+01	2.238e+02	2.937e+02
1.535916e+01	-5.491e+01	2.235e+02	2.926e+02
1.546057e+01	-5.519e+01	2.237e+02	2.937e+02
1.556211e+01	-5.499e+01	2.234e+02	2.943e+02
1.566367e+01	-5.471e+01	2.234e+02	2.951e+02
1.576523e+01	-5.470e+01	2.237e+02	2.949e+02
1.586679e+01	-5.482e+01	2.235e+02	2.948e+02
1.596836e+01	-5.256e+01	2.241e+02	2.958e+02
1.606992e+01	-5.479e+01	2.237e+02	2.959e+02
1.617349e+01	-5.250e+01	2.234e+02	2.950e+02
1.627307e+01	-5.554e+01	2.235e+02	2.955e+02
1.637474e+01	-5.283e+01	2.225e+02	2.949e+02
1.647615e+01	-5.537e+01	2.236e+02	2.952e+02
1.657765e+01	-5.322e+01	2.218e+02	2.921e+02
1.667924e+01	-5.621e+01	2.226e+02	2.932e+02
1.678087e+01	-5.358e+01	2.220e+02	2.896e+02
1.688237e+01	-5.619e+01	2.227e+02	2.922e+02
1.698399e+01	-5.404e+01	2.216e+02	2.892e+02
1.708549e+01	-5.687e+01	2.228e+02	2.921e+02
1.718706e+01	-5.352e+01	2.217e+02	2.900e+02
1.728926e+01	-5.682e+01	2.232e+02	2.920e+02
1.739018e+01	-5.398e+01	2.217e+02	2.895e+02
1.749174e+01	-5.674e+01	2.228e+02	2.922e+02
1.759343e+01	-5.400e+01	2.216e+02	2.894e+02
1.769487e+01	-5.626e+01	2.227e+02	2.921e+02
1.779646e+01	-5.359e+01	2.219e+02	2.896e+02
1.789799e+01	-5.634e+01	2.236e+02	2.928e+02
1.799954e+01	-5.355e+01	2.221e+02	2.906e+02
1.810111e+01	-5.337e+01	2.226e+02	2.914e+02
1.820267e+01	-5.582e+01	2.236e+02	2.952e+02
1.830423e+01	-5.558e+01	2.226e+02	2.929e+02
1.840579e+01	-5.619e+01	2.229e+02	2.955e+02
1.850772e+01	-5.584e+01	2.230e+02	2.931e+02
1.861319e+01	-5.609e+01	2.234e+02	2.939e+02
1.871051e+01	-5.619e+01	2.234e+02	2.917e+02
1.881204e+01	-5.598e+01	2.230e+02	2.932e+02
1.891364e+01	-5.620e+01	2.237e+02	2.930e+02
1.901514e+01	-5.613e+01	2.231e+02	2.943e+02
1.911673e+01	-5.548e+01	2.240e+02	2.957e+02
1.921826e+01	-5.568e+01	2.236e+02	2.953e+02
1.931986e+01	-5.563e+01	2.232e+02	2.963e+02
1.942142e+01	-5.588e+01	2.237e+02	2.967e+02
1.952298e+01	-5.566e+01	2.233e+02	2.968e+02
1.962450e+01	-5.566e+01	2.235e+02	2.969e+02
1.973400e+01	-5.557e+01	2.235e+02	2.966e+02
1.982775e+01	-5.585e+01	2.232e+02	2.970e+02
1.992922e+01	-5.568e+01	2.228e+02	2.968e+02
2.003075e+01	-5.508e+01	2.231e+02	2.974e+02
2.013231e+01	-5.591e+01	2.237e+02	2.969e+02
2.023387e+01	-5.592e+01	2.232e+02	2.959e+02
2.033544e+01	-5.577e+01	2.232e+02	2.962e+02
2.043700e+01	-5.592e+01	2.234e+02	2.959e+02
2.053856e+01	-5.580e+01	2.240e+02	2.961e+02
2.064012e+01	-5.579e+01	2.239e+02	2.964e+02
2.074172e+01	-5.652e+01	2.233e+02	2.961e+02
2.084328e+01	-5.597e+01	2.238e+02	2.958e+02
2.094481e+01	-5.569e+01	2.234e+02	2.962e+02
2.104643e+01	-5.649e+01	2.233e+02	2.956e+02
2.114794e+01	-5.628e+01	2.237e+02	2.957e+02
2.124942e+01	-5.617e+01	2.231e+02	2.956e+02
2.135098e+01	-5.596e+01	2.233e+02	2.963e+02
2.145254e+01	-5.574e+01	2.237e+02	2.959e+02
2.155411e+01	-5.587e+01	2.234e+02	2.963e+02
2.165567e+01	-5.492e+01	2.234e+02	2.962e+02
2.175735e+01	-5.591e+01	2.235e+02	2.967e+02
2.185879e+01	-5.402e+01	2.237e+02	2.965e+02
2.196042e+01	-5.568e+01	2.232e+02	2.962e+02
2.206192e+01	-5.339e+01	2.228e+02	2.966e+02
2.216363e+01	-5.563e+01	2.231e+02	2.968e+02
2.226532e+01	-5.294e+01	2.219e+02	2.955e+02
2.236664e+01	-5.542e+01	2.233e+02	2.966e+02
2.246817e+01	-5.305e+01	2.222e+02	2.940e+02
2.256979e+01	-5.548e+01	2.233e+02	2.967e+02
2.267132e+01	-5.328e+01	2.218e+02	2.938e+02
2.277286e+01	-5.574e+01	2.229e+02	2.965e+02
2.287436e+01	-5.352e+01	2.227e+02	2.936e+02
2.297595e+01	-5.592e+01	2.229e+02	2.951e+02
2.307751e+01	-5.448e+01	2.215e+02	2.911e+02
2.317905e+01	-5.763e+01	2.221e+02	2.921e+02
2.328061e+01	-5.509e+01	2.208e+02	2.887e+02
2.338217e+01	-5.704e+01	2.223e+02	2.903e+02
2.348382e+01	-5.457e+01	2.208e+02	2.878e+02
2.358530e+01	-5.670e+01	2.223e+02	2.905e+02
2.368695e+01	-5.416e+01	2.220e+02	2.889e+02
2.378842e+01	-5.665e+01	2.226e+02	2.915e+02
2.388998e+01	-5.370e+01	2.217e+02	2.889e+02
2.399155e+01	-5.391e+01	2.215e+02	2.891e+02
2.409311e+01	-5.620e+01	2.220e+02	2.919e+02
2.419470e+01	-5.510e+01	2.213e+02	2.893e+02
2.429623e+01	-5.634e+01	2.230e+02	2.923e+02
2.439780e+01	-5.651e+01	2.217e+02	2.899e+02
2.449929e+01	-5.668e+01	2.224e+02	2.920e+02
2.460092e+01	-5.662e+01	2.223e+02	2.897e+02
2.470248e+01	-5.702e+01	2.227e+02	2.920e+02
2.480398e+01	-5.649e+01	2.225e+02	2.903e+02
2.490570e+01	-5.642e+01	2.221e+02	2.927e+02
2.500714e+01	-5.685e+01	2.223e+02	2.919e+02
2.510867e+01	-5.648e+01	2.225e+02	2.924e+02
2.521026e+01	-5.684e+01	2.225e+02	2.913e+02
2.531201e+01	-5.667e+01	2.222e+02	2.914e+02
2.541339e+01	-5.686e+01	2.225e+02	2.915e+02
2.551495e+01	-5.632e+01	2.224e+02	2.914e+02
2.561648e+01	-5.641e+01	2.225e+02	2.916e+02
2.571807e+01	-5.624e+01	2.228e+02	2.924e+02
2.581961e+01	-5.624e+01	2.225e+02	2.924e+02
2.592361e+01	-5.610e+01	2.226e+02	2.920e+02
2.602273e+01	-5.614e+01	2.226e+02	2.924e+02
2.612426e+01	-5.682e+01	2.228e+02	2.916e+02
2.622582e+01	-5.695e+01	2.223e+02	2.925e+02
2.632738e+01	-5.651e+01	2.226e+02	2.929e+02
2.642894e+01	-5.609e+01	2.228e+02	2.942e+02
2.653054e+01	-5.608e+01	2.228e+02	2.943e+02
2.663204e+01	-5.548e+01	2.229e+02	2.944e+02
2.673363e+01	-5.624e+01	2.227e+02	2.948e+02
2.683522e+01	-5.546e+01	2.236e+02	2.954e+02
2.693676e+01	-5.549e+01	2.231e+02	2.953e+02
2.703832e+01	-5.595e+01	2.230e+02	2.962e+02
2.713988e+01	-5.553e+01	2.227e+02	2.964e+02
2.724147e+01	-5.586e+01	2.227e+02	2.960e+02
2.734301e+01	-5.607e+01	2.230e+02	2.961e+02
2.744460e+01	-5.532e+01	2.230e+02	2.957e+02
2.754613e+01	-5.570e+01	2.229e+02	2.955e+02
2.764769e+01	-5.631e+01	2.230e+02	2.956e+02
2.774930e+01	-5.415e+01	2.232e+02	2.957e+02
2.785093e+01	-5.608e+01	2.231e+02	2.958e+02
2.795246e+01	-5.267e+01	2.229e+02	2.960e+02
2.805402e+01	-5.620e+01	2.229e+02	2.964e+02
2.815562e+01	-5.298e+01	2.221e+02	2.959e+02
2.825715e+01	-5.632e+01	2.226e+02	2.949e+02
2.835874e+01	-5.405e+01	2.216e+02	2.923e+02
2.846030e+01	-5.635e+01	2.224e+02	2.930e+02
2.856187e+01	-5.399e+01	2.221e+02	2.902e+02
2.866343e+01	-5.665e+01	2.224e+02	2.923e+02
2.876502e+01	-5.453e+01	2.214e+02	2.902e+02
2.886652e+01	-5.656e+01	2.223e+02	2.919e+02
2.896808e+01	-5.413e+01	2.219e+02	2.907e+02
2.906965e+01	-5.690e+01	2.223e+02	2.926e+02
2.917124e+01	-5.463e+01	2.218e+02	2.899e+02
2.927280e+01	-5.658e+01	2.227e+02	2.925e+02
2.937424e+01	-5.409e+01	2.214e+02	2.905e+02
2.947583e+01	-5.620e+01	2.225e+02	2.937e+02
2.957743e+01	-5.277e+01	2.224e+02	2.942e+02
2.967896e+01	-5.425e+01	2.229e+02	3.009e+02
2.978052e+01	-5.118e+01	2.221e+02	2.993e+02
2.988208e+01	-5.100e+01	2.221e+02	2.991e+02
2.998368e+01	-5.415e+01	2.230e+02	3.015e+02
3.008524e+01	-5.410e+01	2.218e+02	2.984e+02
3.018677e+01	-5.472e+01	2.224e+02	3.014e+02
3.028833e+01	-5.521e+01	2.225e+02	2.988e+02
3.038990e+01	-5.477e+01	2.225e+02	3.015e+02
3.049149e+01	-5.472e+01	2.232e+02	2.997e+02
3.059305e+01	-5.464e+01	2.227e+02	3.006e+02
3.069461e+01	-5.483e+01	2.231e+02	2.999e+02
3.079612e+01	-5.472e+01	2.228e+02	3.009e+02
3.089771e+01	-5.483e+01	2.227e+02	3.002e+02
3.099918e+01	-5.499e+01	2.223e+02	3.002e+02
3.110074e+01	-5.498e+01	2.225e+02	2.999e+02
3.120230e+01	-5.559e+01	2.228e+02	3.006e+02
3.130390e+01	-5.540e+01	2.222e+02	3.001e+02
3.140546e+01	-5.537e+01	2.227e+02	3.007e+02
3.150705e+01	-5.523e+01	2.226e+02	3.010e+02
3.160861e+01	-5.549e+01	2.229e+02	3.002e+02
3.171021e+01	-5.480e+01	2.226e+02	3.012e+02
3.181174e+01	-5.541e+01	2.228e+02	3.011e+02
3.191327e+01	-5.529e+01	2.226e+02	3.008e+02
3.201486e+01	-5.549e+01	2.223e+02	3.016e+02
3.211646e+01	-5.519e+01	2.220e+02	3.017e+02
3.221796e+01	-5.560e+01	2.226e+02	3.013e+02
3.231949e+01	-5.491e+01	2.227e+02	3.015e+02
3.242108e+01	-5.504e+01	2.229e+02	3.016e+02
3.252268e+01	-5.557e+01	2.225e+02	3.010e+02
3.262429e+01	-5.509e+01	2.226e+02	3.012e+02
3.272588e+01	-5.513e+01	2.229e+02	3.008e+02
3.282754e+01	-5.510e+01	2.221e+02	3.014e+02
3.292898e+01	-5.524e+01	2.224e+02	3.009e+02
3.303054e+01	-5.525e+01	2.223e+02	3.012e+02
3.313210e+01	-5.526e+01	2.228e+02	3.015e+02
3.323369e+01	-5.504e+01	2.226e+02	3.016e+02
3.333523e+01	-5.543e+01	2.226e+02	3.011e+02
3.343679e+01	-5.531e+01	2.224e+02	3.014e+02
3.353838e+01	-5.525e+01	2.229e+02	3.006e+02
3.363988e+01	-5.378e+01	2.226e+02	3.010e+02
3.374151e+01	-5.479e+01	2.226e+02	3.013e+02
3.385085e+01	-5.227e+01	2.221e+02	3.009e+02
3.394463e+01	-5.492e+01	2.229e+02	3.011e+02
3.404622e+01	-5.225e+01	2.221e+02	3.012e+02
3.414776e+01	-5.520e+01	2.226e+02	3.012e+02
3.424927e+01	-5.243e+01	2.219e+02	3.005e+02
3.435083e+01	-5.497e+01	2.225e+02	3.013e+02
3.445239e+01	-5.275e+01	2.219e+02	2.995e+02
3.455396e+01	-5.501e+01	2.225e+02	3.014e+02
3.465787e+01	-5.287e+01	2.219e+02	2.981e+02
3.475708e+01	-5.557e+01	2.228e+02	3.007e+02
3.485864e+01	-5.331e+01	2.215e+02	2.982e+02
3.496017e+01	-5.582e+01	2.224e+02	3.002e+02
3.506189e+01	-5.305e+01	2.220e+02	2.983e+02
3.516333e+01	-5.519e+01	2.221e+02	3.003e+02
3.526489e+01	-5.282e+01	2.215e+02	2.973e+02
3.536642e+01	-5.548e+01	2.226e+02	2.995e+02
3.547586e+01	-5.579e+01	2.226e+02	2.997e+02
3.557739e+01	-5.265e+01	2.220e+02	2.978e+02
3.567896e+01	-5.505e+01	2.226e+02	3.004e+02
3.578055e+01	-5.236e+01	2.215e+02	2.977e+02
3.588201e+01	-5.472e+01	2.227e+02	3.006e+02
3.598360e+01	-5.263e+01	2.218e+02	2.979e+02
3.608514e+01	-5.529e+01	2.228e+02	2.999e+02
3.618673e+01	-5.437e+01	2.215e+02	2.970e+02
3.628826e+01	-5.563e+01	2.229e+02	3.008e+02
3.638982e+01	-5.444e+01	2.223e+02	2.975e+02
3.649142e+01	-5.543e+01	2.227e+02	2.998e+02
3.659295e+01	-5.507e+01	2.231e+02	2.984e+02
3.669448e+01	-5.526e+01	2.230e+02	3.009e+02
3.679607e+01	-5.516e+01	2.231e+02	2.987e+02
3.689764e+01	-5.534e+01	2.228e+02	2.999e+02
3.699920e+01	-5.442e+01	2.228e+02	2.997e+02
3.710079e+01	-5.529e+01	2.228e+02	2.999e+02
3.720235e+01	-5.505e+01	2.229e+02	2.997e+02
3.730392e+01	-5.531e+01	2.227e+02	3.000e+02
3.740545e+01	-5.530e+01	2.230e+02	2.999e+02
3.750703e+01	-5.524e+01	2.228e+02	2.992e+02
3.761473e+01	-5.537e+01	2.230e+02	2.996e+02
3.771016e+01	-5.554e+01	2.229e+02	2.997e+02
3.781169e+01	-5.520e+01	2.233e+02	2.991e+02
3.791328e+01	-5.521e+01	2.234e+02	2.988e+02
3.801481e+01	-5.504e+01	2.232e+02	2.981e+02
3.811638e+01	-5.525e+01	2.232e+02	2.983e+02
3.821794e+01	-5.514e+01	2.233e+02	2.982e+02
3.831950e+01	-5.503e+01	2.232e+02	2.988e+02
3.842110e+01	-5.563e+01	2.229e+02	2.989e+02
3.852309e+01	-5.573e+01	2.228e+02	2.989e+02
3.862419e+01	-5.507e+01	2.231e+02	2.981e+02
3.872575e+01	-5.535e+01	2.228e+02	2.988e+02
3.882735e+01	-5.546e+01	2.233e+02	2.991e+02
3.892885e+01	-5.551e+01	2.229e+02	2.990e+02
3.903044e+01	-5.501e+01	2.231e+02	2.988e+02
3.913220e+01	-5.507e+01	2.234e+02	2.988e+02
3.923382e+01	-5.497e+01	2.233e+02	2.986e+02
3.933532e+01	-5.494e+01	2.228e+02	2.988e+02
3.943691e+01	-5.554e+01	2.236e+02	2.990e+02
3.954089e+01	-5.532e+01	2.234e+02	2.987e+02
3.964007e+01	-5.563e+01	2.233e+02	2.991e+02
3.974163e+01	-5.601e+01	2.229e+02	2.990e+02
3.984329e+01	-5.552e+01	2.231e+02	2.991e+02
3.994476e+01	-5.466e+01	2.230e+02	2.994e+02
4.004632e+01	-5.545e+01	2.229e+02	2.988e+02
4.014785e+01	-5.281e+01	2.230e+02	2.997e+02
4.024941e+01	-5.562e+01	2.233e+02	2.997e+02
4.035101e+01	-5.331e+01	2.228e+02	2.997e+02
4.045251e+01	-5.573e+01	2.234e+02	2.991e+02
4.055413e+01	-5.319e+01	2.223e+02	2.986e+02
4.065606e+01	-5.628e+01	2.230e+02	2.994e+02
4.075720e+01	-5.326e+01	2.223e+02	2.973e+02
4.085879e+01	-5.577e+01	2.232e+02	2.997e+02
4.096032e+01	-5.292e+01	2.223e+02	2.972e+02
4.106204e+01	-5.562e+01	2.229e+02	2.997e+02
4.116351e+01	-5.284e+01	2.224e+02	2.979e+02
4.126501e+01	-5.560e+01	2.233e+02	2.997e+02
4.136657e+01	-5.552e+01	2.230e+02	2.995e+02
4.146813e+01	-5.294e+01	2.221e+02	2.971e+02
4.156970e+01	-5.557e+01	2.230e+02	2.996e+02
4.167126e+01	-5.310e+01	2.225e+02	2.973e+02
4.177380e+01	-5.566e+01	2.230e+02	3.002e+02
4.187438e+01	-5.310e+01	2.221e+02	2.972e+02
4.197595e+01	-5.526e+01	2.229e+02	2.998e+02
4.207754e+01	-5.316e+01	2.221e+02	2.979e+02
4.217913e+01	-5.537e+01	2.227e+02	2.997e+02
4.228066e+01	-5.325e+01	2.224e+02	2.977e+02
4.238209e+01	-5.564e+01	2.228e+02	3.000e+02
4.248387e+01	-5.462e+01	2.222e+02	2.971e+02
4.258525e+01	-5.513e+01	2.229e+02	3.004e+02
4.268678e+01	-5.471e+01	2.227e+02	2.972e+02
4.278834e+01	-5.514e+01	2.232e+02	3.001e+02
4.288993e+01	-5.521e+01	2.238e+02	2.972e+02
4.299146e+01	-5.595e+01	2.236e+02	2.997e+02
4.309303e+01	-5.546e+01	2.235e+02	2.987e+02
4.319459e+01	-5.559e+01	2.235e+02	2.994e+02
4.329612e+01	-5.581e+01	2.228e+02	2.991e+02
4.339775e+01	-5.587e+01	2.232e+02	2.997e+02
4.349928e+01	-5.575e+01	2.231e+02	2.991e+02
4.360084e+01	-5.477e+01	2.226e+02	2.998e+02
4.370240e+01	-5.565e+01	2.231e+02	2.998e+02
4.380400e+01	-5.548e+01	2.227e+02	2.995e+02
4.390553e+01	-5.529e+01	2.229e+02	2.996e+02
4.400719e+01	-5.534e+01	2.227e+02	2.999e+02
4.410879e+01	-5.568e+01	2.229e+02	2.999e+02
4.421035e+01	-5.542e+01	2.229e+02	3.001e+02
4.431188e+01	-5.549e+01	2.230e+02	2.999e+02
4.441344e+01	-5.579e+01	2.225e+02	2.997e+02
4.451516e+01	-5.568e+01	2.226e+02	2.994e+02
4.461660e+01	-5.591e+01	2.225e+02	2.990e+02
4.472594e+01	-5.502e+01	2.225e+02	2.995e+02
4.481966e+01	-5.545e+01	2.226e+02	2.996e+02
4.492126e+01	-5.562e+01	2.229e+02	2.997e+02
4.502297e+01	-5.581e+01	2.231e+02	2.993e+02
4.512438e+01	-5.558e+01	2.225e+02	2.996e+02
4.522594e+01	-5.543e+01	2.230e+02	2.995e+02
4.532754e+01	-5.570e+01	2.228e+02	3.001e+02
4.542910e+01	-5.609e+01	2.229e+02	2.989e+02
4.553063e+01	-5.577e+01	2.224e+02	2.992e+02
4.563206e+01	-5.551e+01	2.224e+02	3.001e+02
4.573365e+01	-5.518e+01	2.228e+02	2.996e+02
4.583524e+01	-5.593e+01	2.231e+02	2.997e+02
4.593677e+01	-5.590e+01	2.227e+02	3.001e+02
4.603943e+01	-5.576e+01	2.230e+02	2.997e+02
4.613993e+01	-5.562e+01	2.222e+02	3.001e+02
4.624146e+01	-5.552e+01	2.226e+02	2.999e+02
4.634302e+01	-5.587e+01	2.229e+02	2.998e+02
4.644465e+01	-5.375e+01	2.230e+02	2.993e+02
4.654615e+01	-5.606e+01	2.227e+02	2.995e+02
4.664774e+01	-5.309e+01	2.226e+02	3.000e+02
4.674927e+01	-5.560e+01	2.229e+02	3.003e+02
4.685084e+01	-5.310e+01	2.219e+02	2.996e+02
4.695240e+01	-5.606e+01	2.227e+02	2.998e+02
4.705396e+01	-5.331e+01	2.223e+02	2.986e+02
4.715552e+01	-5.586e+01	2.229e+02	2.999e+02
4.725699e+01	-5.338e+01	2.224e+02	2.979e+02
4.735861e+01	-5.358e+01	2.222e+02	2.971e+02
4.746017e+01	-5.515e+01	2.232e+02	2.998e+02
4.756171e+01	-5.332e+01	2.222e+02	2.976e+02
4.766339e+01	-5.555e+01	2.233e+02	2.992e+02
4.776541e+01	-5.361e+01	2.220e+02	2.972e+02
4.786639e+01	-5.570e+01	2.230e+02	2.998e+02
4.796798e+01	-5.341e+01	2.224e+02	2.975e+02
4.806952e+01	-5.598e+01	2.230e+02	3.002e+02
4.817105e+01	-5.288e+01	2.225e+02	2.978e+02
4.827276e+01	-5.646e+01	2.234e+02	3.001e+02
4.837423e+01	-5.330e+01	2.224e+02	2.971e+02
4.847577e+01	-5.602e+01	2.229e+02	2.999e+02
4.857736e+01	-5.359e+01	2.222e+02	2.970e+02
4.867889e+01	-5.591e+01	2.231e+02	3.002e+02
4.878046e+01	-5.319e+01	2.220e+02	2.971e+02
4.888206e+01	-5.540e+01	2.229e+02	2.999e+02
4.898369e+01	-5.407e+01	2.223e+02	2.977e+02
4.908522e+01	-5.542e+01	2.228e+02	2.992e+02
4.918678e+01	-5.553e+01	2.214e+02	2.968e+02
4.928834e+01	-5.610e+01	2.230e+02	2.997e+02
4.939000e+01	-5.577e+01	2.230e+02	2.970e+02
4.949147e+01	-5.574e+01	2.231e+02	2.996e+02
4.959303e+01	-5.553e+01	2.232e+02	2.978e+02
4.969462e+01	-5.602e+01	2.226e+02	2.990e+02
4.979615e+01	-5.593e+01	2.228e+02	2.988e+02
4.989778e+01	-5.568e+01	2.227e+02	2.998e+02
4.999928e+01	-5.599e+01	2.232e+02	3.000e+02
5.010084e+01	-5.607e+01	2.233e+02	2.994e+02
5.020244e+01	-5.570e+01	2.234e+02	3.001e+02
5.030397e+01	-5.592e+01	2.233e+02	2.998e+02
5.040553e+01	-5.554e+01	2.228e+02	2.995e+02
5.050698e+01	-5.569e+01	2.230e+02	2.997e+02
5.060851e+01	-5.565e+01	2.227e+02	2.999e+02
5.071010e+01	-5.579e+01	2.229e+02	3.005e+02
5.081166e+01	-5.548e+01	2.225e+02	3.004e+02
5.091320e+01	-5.597e+01	2.229e+02	2.997e+02
5.101476e+01	-5.564e+01	2.227e+02	2.993e+02
5.111632e+01	-5.579e+01	2.226e+02	2.994e+02
5.121788e+01	-5.536e+01	2.234e+02	2.995e+02
5.131945e+01	-5.504e+01	2.228e+02	2.991e+02
5.142101e+01	-5.534e+01	2.231e+02	2.997e+02
5.152260e+01	-5.541e+01	2.226e+02	2.993e+02
5.162423e+01	-5.492e+01	2.229e+02	2.994e+02
5.172573e+01	-5.525e+01	2.233e+02	3.000e+02
5.182726e+01	-5.548e+01	2.231e+02	2.990e+02
5.192888e+01	-5.564e+01	2.232e+02	3.002e+02
5.203041e+01	-5.503e+01	2.230e+02	2.988e+02
5.213191e+01	-5.555e+01	2.224e+02	2.994e+02
5.223347e+01	-5.518e+01	2.230e+02	2.999e+02
5.233500e+01	-5.568e+01	2.230e+02	2.993e+02
5.243660e+01	-5.577e+01	2.231e+02	2.999e+02
5.253816e+01	-5.574e+01	2.230e+02	2.993e+02
5.264003e+01	-5.581e+01	2.232e+02	2.999e+02
5.274128e+01	-5.558e+01	2.233e+02	2.999e+02
5.284285e+01	-5.564e+01	2.234e+02	2.999e+02
5.294441e+01	-5.559e+01	2.231e+02	3.000e+02
5.304597e+01	-5.537e+01	2.233e+02	2.996e+02
5.314753e+01	-5.408e+01	2.226e+02	2.993e+02
5.324907e+01	-5.546e+01	2.233e+02	2.990e+02
5.335066e+01	-5.306e+01	2.231e+02	2.997e+02
5.345222e+01	-5.295e+01	2.222e+02	2.997e+02
5.355385e+01	-5.536e+01	2.230e+02	3.000e+02
5.365586e+01	-5.292e+01	2.224e+02	2.989e+02
5.375682e+01	-5.603e+01	2.227e+02	2.998e+02
5.385844e+01	-5.360e+01	2.220e+02	2.979e+02
5.395994e+01	-5.574e+01	2.231e+02	2.992e+02
5.406151e+01	-5.342e+01	2.222e+02	2.973e+02
5.417094e+01	-5.587e+01	2.229e+02	2.999e+02
5.426466e+01	-5.293e+01	2.220e+02	2.975e+02
5.436619e+01	-5.573e+01	2.230e+02	3.002e+02
5.446773e+01	-5.305e+01	2.221e+02	2.973e+02
5.456947e+01	-5.560e+01	2.229e+02	3.005e+02
5.467866e+01	-5.289e+01	2.222e+02	2.971e+02
5.478807e+01	-5.549e+01	2.228e+02	2.990e+02
5.488966e+01	-5.328e+01	2.222e+02	2.974e+02
5.499119e+01	-5.564e+01	2.228e+02	2.997e+02
5.509276e+01	-5.324e+01	2.217e+02	2.974e+02
5.519432e+01	-5.557e+01	2.230e+02	3.003e+02
5.529588e+01	-5.315e+01	2.220e+02	2.975e+02
5.539748e+01	-5.575e+01	2.236e+02	2.996e+02
5.549907e+01	-5.332e+01	2.224e+02	2.970e+02
5.560061e+01	-5.617e+01	2.232e+02	3.001e+02
5.570223e+01	-5.392e+01	2.222e+02	2.970e+02
5.580376e+01	-5.515e+01	2.229e+02	3.001e+02
5.590532e+01	-5.571e+01	2.220e+02	2.971e+02
5.600686e+01	-5.586e+01	2.231e+02	2.997e+02
5.610845e+01	-5.621e+01	2.225e+02	2.975e+02
5.621001e+01	-5.565e+01	2.230e+02	2.989e+02
5.631160e+01	-5.564e+01	2.228e+02	2.975e+02
5.641314e+01	-5.598e+01	2.231e+02	3.002e+02
5.651470e+01	-5.607e+01	2.227e+02	2.988e+02
5.661629e+01	-5.586e+01	2.230e+02	3.001e+02
5.671789e+01	-5.548e+01	2.229e+02	2.997e+02
5.681939e+01	-5.581e+01	2.223e+02	3.003e+02
5.692095e+01	-5.618e+01	2.226e+02	3.000e+02
5.702243e+01	-5.537e+01	2.224e+02	2.999e+02
5.712412e+01	-5.602e+01	2.233e+02	3.000e+02
5.722556e+01	-5.592e+01	2.229e+02	2.999e+02
5.732709e+01	-5.609e+01	2.227e+02	2.998e+02
5.743650e+01	-5.573e+01	2.226e+02	2.998e+02
5.753028e+01	-5.586e+01	2.225e+02	2.995e+02
5.763202e+01	-5.577e+01	2.228e+02	2.996e+02
5.773337e+01	-5.606e+01	2.227e+02	2.997e+02
5.783493e+01	-5.551e+01	2.234e+02	2.997e+02
5.793650e+01	-5.562e+01	2.229e+02	2.997e+02
5.804001e+01	-5.575e+01	2.228e+02	2.991e+02
5.813962e+01	-5.557e+01	2.224e+02	2.997e+02
5.824118e+01	-5.625e+01	2.228e+02	3.000e+02
5.834275e+01	-5.557e+01	2.225e+02	2.998e+02
5.844428e+01	-5.593e+01	2.226e+02	2.996e+02
5.854593e+01	-5.615e+01	2.227e+02	2.993e+02
5.864735e+01	-5.559e+01	2.227e+02	2.994e+02
5.874891e+01	-5.545e+01	2.227e+02	2.994e+02
5.885045e+01	-5.582e+01	2.226e+02	3.001e+02
5.895198e+01	-5.580e+01	2.228e+02	3.003e+02
5.905357e+01	-5.591e+01	2.226e+02	2.997e+02
5.915510e+01	-5.607e+01	2.233e+02	2.995e+02
5.925670e+01	-5.521e+01	2.231e+02	2.996e+02
5.935829e+01	-5.503e+01	2.233e+02	2.997e+02
5.945982e+01	-5.523e+01	2.230e+02	3.001e+02
5.956221e+01	-5.397e+01	2.231e+02	3.003e+02
5.966298e+01	-5.606e+01	2.227e+02	2.993e+02
5.976527e+01	-5.337e+01	2.222e+02	2.998e+02
5.986607e+01	-5.585e+01	2.227e+02	3.000e+02
5.996769e+01	-5.341e+01	2.221e+02	2.997e+02
6.006920e+01	-5.535e+01	2.228e+02	2.999e+02
6.017079e+01	-5.320e+01	2.221e+02	2.988e+02
6.027242e+01	-5.557e+01	2.226e+02	3.002e+02
6.037419e+01	-5.341e+01	2.219e+02	2.984e+02
6.047554e+01	-5.569e+01	2.226e+02	2.998e+02
6.057713e+01	-5.331e+01	2.218e+02	2.977e+02
6.067867e+01	-5.576e+01	2.228e+02	2.999e+02
6.078023e+01	-5.364e+01	2.216e+02	2.971e+02
6.088179e+01	-5.656e+01	2.230e+02	3.002e+02
6.098338e+01	-5.313e+01	2.217e+02	2.971e+02
6.109309e+01	-5.581e+01	2.224e+02	3.000e+02
6.119432e+01	-5.393e+01	2.223e+02	2.974e+02
6.129634e+01	-5.581e+01	2.228e+02	2.999e+02
6.139745e+01	-5.355e+01	2.221e+02	2.974e+02
6.149901e+01	-5.613e+01	2.227e+02	2.999e+02
6.160054e+01	-5.381e+01	2.220e+02	2.973e+02
6.170217e+01	-5.669e+01	2.228e+02	3.002e+02
6.180391e+01	-5.355e+01	2.220e+02	2.977e+02
6.190519e+01	-5.609e+01	2.227e+02	2.999e+02
6.200672e+01	-5.496e+01	2.219e+02	2.972e+02
6.210841e+01	-5.667e+01	2.231e+02	3.000e+02
6.220985e+01	-5.615e+01	2.223e+02	2.974e+02
6.231141e+01	-5.632e+01	2.226e+02	3.000e+02
6.241294e+01	-5.579e+01	2.230e+02	2.976e+02
6.251454e+01	-5.614e+01	2.228e+02	2.998e+02
6.261604e+01	-5.646e+01	2.230e+02	2.989e+02
6.271763e+01	-5.662e+01	2.227e+02	2.997e+02
6.281922e+01	-5.609e+01	2.226e+02	2.996e+02
6.292075e+01	-5.664e+01	2.228e+02	2.992e+02
6.302235e+01	-5.610e+01	2.224e+02	2.997e+02
6.312394e+01	-5.580e+01	2.223e+02	3.000e+02
6.322550e+01	-5.596e+01	2.227e+02	2.997e+02
6.332722e+01	-5.646e+01	2.224e+02	2.991e+02
6.342860e+01	-5.641e+01	2.225e+02	2.997e+02
6.353007e+01	-5.629e+01	2.224e+02	2.998e+02
6.363163e+01	-5.568e+01	2.224e+02	2.993e+02
6.373319e+01	-5.614e+01	2.224e+02	3.000e+02
6.383475e+01	-5.621e+01	2.229e+02	2.999e+02
6.393629e+01	-5.649e+01	2.224e+02	3.000e+02
6.403794e+01	-5.634e+01	2.227e+02	3.004e+02
6.414002e+01	-5.580e+01	2.224e+02	3.003e+02
6.424107e+01	-5.667e+01	2.226e+02	2.999e+02
6.434257e+01	-5.659e+01	2.226e+02	3.002e+02
6.444416e+01	-5.635e+01	2.224e+02	3.001e+02
6.454572e+01	-5.576e+01	2.225e+02	3.003e+02
6.464728e+01	-5.653e+01	2.231e+02	3.003e+02
6.474882e+01	-5.580e+01	2.223e+02	2.996e+02
6.485038e+01	-5.607e+01	2.223e+02	3.001e+02
6.495197e+01	-5.667e+01	2.223e+02	2.999e+02
6.505350e+01	-5.825e+01	2.220e+02	2.985e+02
6.515501e+01	-6.011e+01	2.208e+02	2.945e+02
6.525660e+01	-6.063e+01	2.200e+02	2.904e+02
6.535814e+01	-6.063e+01	2.200e+02	2.887e+02
6.545970e+01	-5.958e+01	2.204e+02	2.878e+02
6.556126e+01	-5.961e+01	2.199e+02	2.875e+02
6.566282e+01	-5.796e+01	2.207e+02	2.884e+02
6.576439e+01	-5.949e+01	2.210e+02	2.886e+02
6.586595e+01	-5.664e+01	2.207e+02	2.879e+02
6.596751e+01	-5.900e+01	2.209e+02	2.884e+02
6.606907e+01	-5.613e+01	2.202e+02	2.881e+02
6.617064e+01	-5.886e+01	2.214e+02	2.906e+02
6.627235e+01	-5.514e+01	2.215e+02	2.926e+02
6.637373e+01	-5.582e+01	2.231e+02	2.962e+02
6.647535e+01	-5.098e+01	2.224e+02	2.966e+02
6.657689e+01	-5.372e+01	2.234e+02	2.996e+02
6.667845e+01	-5.093e+01	2.221e+02	2.978e+02
6.677992e+01	-5.388e+01	2.232e+02	3.006e+02
6.688148e+01	-5.155e+01	2.225e+02	2.970e+02
6.698305e+01	-5.453e+01	2.236e+02	3.002e+02
6.708461e+01	-5.189e+01	2.226e+02	2.974e+02
6.718620e+01	-5.507e+01	2.231e+02	3.000e+02
6.728783e+01	-5.293e+01	2.220e+02	2.973e+02
6.738936e+01	-5.524e+01	2.229e+02	2.990e+02
6.749089e+01	-5.263e+01	2.222e+02	2.963e+02
6.759245e+01	-5.520e+01	2.227e+02	2.987e+02
6.769435e+01	-5.284e+01	2.221e+02	2.959e+02
6.779561e+01	-5.582e+01	2.224e+02	2.999e+02
6.789717e+01	-5.372e+01	2.220e+02	2.970e+02
6.799870e+01	-5.588e+01	2.227e+02	2.993e+02
6.810027e+01	-5.343e+01	2.220e+02	2.962e+02
6.820183e+01	-5.647e+01	2.230e+02	2.991e+02
6.830336e+01	-5.613e+01	2.215e+02	2.961e+02
6.840495e+01	-5.631e+01	2.229e+02	2.991e+02
6.850651e+01	-5.555e+01	2.220e+02	2.965e+02
6.860805e+01	-5.593e+01	2.227e+02	2.983e+02
6.870961e+01	-5.577e+01	2.225e+02	2.969e+02
6.881895e+01	-5.613e+01	2.225e+02	2.993e+02
6.892058e+01	-5.599e+01	2.229e+02	2.981e+02
6.901430e+01	-5.619e+01	2.228e+02	2.993e+02
6.911586e+01	-5.629e+01	2.226e+02	2.987e+02
6.921742e+01	-5.601e+01	2.224e+02	2.996e+02
6.931898e+01	-5.591e+01	2.224e+02	2.993e+02
6.942058e+01	-5.642e+01	2.225e+02	2.989e+02
6.952217e+01	-5.566e+01	2.228e+02	2.985e+02
6.962367e+01	-5.590e+01	2.226e+02	2.989e+02
6.972523e+01	-5.619e+01	2.228e+02	2.986e+02
6.982695e+01	-5.568e+01	2.224e+02	2.982e+02
6.992839e+01	-5.562e+01	2.224e+02	2.984e+02
7.002982e+01	-5.596e+01	2.222e+02	2.987e+02
7.013141e+01	-5.593e+01	2.229e+02	2.985e+02
7.023294e+01	-5.559e+01	2.228e+02	2.988e+02
7.033451e+01	-5.604e+01	2.224e+02	2.986e+02
7.043610e+01	-5.614e+01	2.222e+02	2.989e+02
7.053766e+01	-5.585e+01	2.229e+02	2.987e+02
7.063925e+01	-5.532e+01	2.223e+02	2.988e+02
7.074076e+01	-5.615e+01	2.224e+02	2.991e+02
7.084232e+01	-5.618e+01	2.224e+02	2.992e+02
7.094391e+01	-5.603e+01	2.230e+02	2.990e+02
7.104547e+01	-5.575e+01	2.225e+02	2.994e+02
7.114701e+01	-5.576e+01	2.228e+02	2.987e+02
7.124857e+01	-5.568e+01	2.227e+02	2.991e+02
7.135016e+01	-5.560e+01	2.225e+02	2.989e+02
7.145172e+01	-5.565e+01	2.225e+02	2.992e+02
7.155326e+01	-5.568e+01	2.224e+02	2.996e+02
7.165736e+01	-5.618e+01	2.224e+02	2.989e+02
7.176444e+01	-5.570e+01	2.230e+02	2.988e+02
7.185823e+01	-5.591e+01	2.226e+02	2.990e+02
7.195979e+01	-5.593e+01	2.222e+02	2.992e+02
7.206132e+01	-5.596e+01	2.228e+02	2.992e+02
7.216300e+01	-5.460e+01	2.222e+02	2.988e+02
7.226444e+01	-5.586e+01	2.225e+02	2.991e+02
7.236601e+01	-5.337e+01	2.228e+02	2.996e+02
7.246757e+01	-5.617e+01	2.229e+02	2.986e+02
7.256913e+01	-5.350e+01	2.221e+02	2.989e+02
7.267112e+01	-5.587e+01	2.228e+02	2.989e+02
7.277241e+01	-5.347e+01	2.215e+02	2.981e+02
7.287382e+01	-5.603e+01	2.228e+02	2.988e+02
7.297538e+01	-5.347e+01	2.219e+02	2.973e+02
7.307698e+01	-5.580e+01	2.230e+02	2.991e+02
7.317851e+01	-5.339e+01	2.219e+02	2.967e+02
7.327998e+01	-5.612e+01	2.227e+02	2.988e+02
7.338249e+01	-5.292e+01	2.221e+02	2.970e+02
7.348310e+01	-5.599e+01	2.228e+02	2.992e+02
7.358469e+01	-5.342e+01	2.220e+02	2.969e+02
7.368623e+01	-5.637e+01	2.229e+02	2.987e+02
7.378779e+01	-5.337e+01	2.220e+02	2.970e+02
7.388935e+01	-5.602e+01	2.231e+02	2.984e+02
7.399091e+01	-5.337e+01	2.221e+02	2.962e+02
7.409251e+01	-5.648e+01	2.228e+02	2.987e+02
7.419404e+01	-5.322e+01	2.217e+02	2.960e+02
7.429563e+01	-5.620e+01	2.229e+02	2.985e+02
7.439719e+01	-5.357e+01	2.217e+02	2.964e+02
7.449885e+01	-5.642e+01	2.229e+02	2.993e+02
7.460026e+01	-5.368e+01	2.220e+02	2.967e+02
7.470185e+01	-5.630e+01	2.227e+02	2.992e+02
7.480341e+01	-5.477e+01	2.215e+02	2.968e+02
7.490488e+01	-5.646e+01	2.232e+02	2.988e+02
7.500650e+01	-5.549e+01	2.216e+02	2.972e+02
7.510807e+01	-5.624e+01	2.226e+02	2.997e+02
7.520963e+01	-5.628e+01	2.224e+02	2.969e+02
7.531116e+01	-5.623e+01	2.228e+02	2.997e+02
7.541272e+01	-5.610e+01	2.230e+02	2.987e+02
7.551429e+01	-5.597e+01	2.225e+02	2.993e+02
7.561585e+01	-5.604e+01	2.226e+02	2.990e+02
7.571741e+01	-5.634e+01	2.227e+02	2.994e+02
7.581897e+01	-5.640e+01	2.227e+02	2.996e+02
7.592054e+01	-5.577e+01	2.229e+02	2.991e+02
7.602210e+01	-5.612e+01	2.226e+02	2.986e+02
7.612366e+01	-5.626e+01	2.223e+02	2.987e+02
7.622538e+01	-5.606e+01	2.226e+02	2.992e+02
7.632679e+01	-5.612e+01	2.230e+02	2.989e+02
7.642841e+01	-5.606e+01	2.226e+02	2.985e+02
7.652986e+01	-5.614e+01	2.226e+02	2.992e+02
7.663145e+01	-5.552e+01	2.225e+02	2.986e+02
7.673305e+01	-5.613e+01	2.225e+02	2.984e+02
7.683455e+01	-5.664e+01	2.224e+02	2.992e+02
7.694408e+01	-5.618e+01	2.224e+02	2.982e+02
7.704552e+01	-5.582e+01	2.226e+02	2.987e+02
7.714705e+01	-5.652e+01	2.220e+02	2.984e+02
7.724858e+01	-5.640e+01	2.221e+02	2.991e+02
7.735020e+01	-5.608e+01	2.223e+02	2.993e+02
7.745174e+01	-5.624e+01	2.227e+02	2.991e+02
7.755333e+01	-5.619e+01	2.225e+02	2.988e+02
7.765709e+01	-5.645e+01	2.229e+02	2.990e+02
7.775639e+01	-5.620e+01	2.224e+02	2.990e+02
7.786000e+01	-5.646e+01	2.220e+02	2.987e+02
7.795958e+01	-5.585e+01	2.226e+02	2.988e+02
7.806111e+01	-5.617e+01	2.221e+02	2.985e+02
7.816256e+01	-5.574e+01	2.226e+02	2.994e+02
7.826412e+01	-5.592e+01	2.222e+02	2.987e+02
7.836565e+01	-5.598e+01	2.225e+02	2.991e+02
7.846721e+01	-5.507e+01	2.226e+02	2.989e+02
7.856881e+01	-5.630e+01	2.222e+02	2.989e+02
7.867037e+01	-5.383e+01	2.223e+02	2.986e+02
7.877196e+01	-5.623e+01	2.224e+02	2.986e+02
7.887349e+01	-5.364e+01	2.217e+02	2.984e+02
7.897506e+01	-5.620e+01	2.219e+02	2.988e+02
7.907662e+01	-5.382e+01	2.219e+02	2.981e+02
7.917818e+01	-5.610e+01	2.226e+02	2.980e+02
7.927974e+01	-5.383e+01	2.218e+02	2.972e+02
7.938134e+01	-5.651e+01	2.227e+02	2.980e+02
7.948287e+01	-5.419e+01	2.221e+02	2.963e+02
7.958443e+01	-5.658e+01	2.227e+02	2.986e+02
7.968596e+01	-5.397e+01	2.216e+02	2.958e+02
7.978746e+01	-5.642e+01	2.225e+02	2.984e+02
7.988917e+01	-5.363e+01	2.216e+02	2.968e+02
7.999058e+01	-5.629e+01	2.226e+02	2.983e+02
8.009218e+01	-5.386e+01	2.217e+02	2.962e+02
8.019374e+01	-5.653e+01	2.224e+02	2.983e+02
8.029530e+01	-5.388e+01	2.219e+02	2.962e+02
8.039683e+01	-5.671e+01	2.228e+02	2.985e+02
8.049849e+01	-5.398e+01	2.216e+02	2.964e+02
8.059999e+01	-5.654e+01	2.224e+02	2.980e+02
8.070155e+01	-5.405e+01	2.211e+02	2.952e+02
8.080305e+01	-5.654e+01	2.230e+02	2.987e+02
8.090465e+01	-5.313e+01	2.215e+02	2.965e+02
8.100621e+01	-5.635e+01	2.228e+02	2.983e+02
8.110777e+01	-5.422e+01	2.217e+02	2.955e+02
8.120933e+01	-5.653e+01	2.226e+02	2.989e+02
8.131093e+01	-5.604e+01	2.214e+02	2.965e+02
8.141266e+01	-5.636e+01	2.226e+02	2.994e+02
8.151416e+01	-5.669e+01	2.226e+02	2.984e+02
8.161563e+01	-5.607e+01	2.229e+02	2.968e+02
8.171720e+01	-5.634e+01	2.231e+02	2.988e+02
8.181888e+01	-5.590e+01	2.227e+02	2.973e+02
8.192032e+01	-5.608e+01	2.230e+02	2.984e+02
8.202191e+01	-5.624e+01	2.228e+02	2.983e+02
8.212348e+01	-5.617e+01	2.229e+02	2.985e+02
8.222504e+01	-5.632e+01	2.232e+02	2.986e+02
8.232654e+01	-5.623e+01	2.232e+02	2.983e+02
8.242816e+01	-5.619e+01	2.228e+02	2.985e+02
8.252967e+01	-5.588e+01	2.229e+02	2.990e+02
8.263126e+01	-5.577e+01	2.227e+02	2.982e+02
8.273279e+01	-5.651e+01	2.227e+02	2.986e+02
8.283435e+01	-5.636e+01	2.230e+02	2.992e+02
8.293595e+01	-5.632e+01	2.226e+02	2.990e+02
8.303740e+01	-5.596e+01	2.227e+02	2.992e+02
8.313897e+01	-5.581e+01	2.225e+02	2.992e+02
8.324053e+01	-5.612e+01	2.227e+02	2.989e+02
8.334209e+01	-5.634e+01	2.226e+02	2.982e+02
8.344368e+01	-5.623e+01	2.222e+02	2.984e+02
8.354528e+01	-5.654e+01	2.223e+02	2.986e+02
8.364675e+01	-5.631e+01	2.225e+02	2.985e+02
8.374840e+01	-5.651e+01	2.226e+02	2.988e+02
8.384987e+01	-5.628e+01	2.229e+02	2.992e+02
8.395144e+01	-5.632e+01	2.225e+02	2.993e+02
8.405303e+01	-5.621e+01	2.230e+02	2.989e+02
8.415459e+01	-5.621e+01	2.226e+02	2.994e+02
8.425612e+01	-5.629e+01	2.227e+02	2.988e+02
8.435769e+01	-5.614e+01	2.217e+02	2.983e+02
8.445928e+01	-5.625e+01	2.222e+02	2.988e+02
8.456087e+01	-5.625e+01	2.223e+02	2.993e+02
8.466235e+01	-5.603e+01	2.219e+02	2.988e+02
8.476407e+01	-5.614e+01	2.221e+02	2.992e+02
8.486544e+01	-5.618e+01	2.218e+02	2.986e+02
8.496704e+01	-5.648e+01	2.220e+02	2.992e+02
8.506860e+01	-5.604e+01	2.223e+02	2.985e+02
8.517010e+01	-5.548e+01	2.227e+02	2.984e+02
8.527176e+01	-5.604e+01	2.227e+02	2.987e+02
8.537326e+01	-5.543e+01	2.225e+02	2.986e+02
8.547482e+01	-5.647e+01	2.226e+02	2.984e+02
8.557638e+01	-5.361e+01	2.227e+02	2.986e+02
8.567794e+01	-5.617e+01	2.220e+02	2.990e+02
8.577954e+01	-5.366e+01	2.219e+02	2.980e+02
8.588110e+01	-5.635e+01	2.226e+02	2.987e+02
8.598263e+01	-5.389e+01	2.215e+02	2.983e+02
8.608419e+01	-5.602e+01	2.226e+02	2.983e+02
8.618576e+01	-5.346e+01	2.218e+02	2.971e+02
8.628725e+01	-5.608e+01	2.226e+02	2.980e+02
8.638909e+01	-5.348e+01	2.216e+02	2.961e+02
8.649034e+01	-5.619e+01	2.227e+02	2.987e+02
8.659197e+01	-5.336e+01	2.214e+02	2.964e+02
8.669347e+01	-5.606e+01	2.224e+02	2.989e+02
8.679506e+01	-5.403e+01	2.220e+02	2.963e+02
8.689659e+01	-5.606e+01	2.223e+02	2.989e+02
8.699822e+01	-5.402e+01	2.214e+02	2.959e+02
8.709972e+01	-5.651e+01	2.219e+02	2.986e+02
8.720128e+01	-5.369e+01	2.213e+02	2.963e+02
8.730284e+01	-5.643e+01	2.221e+02	2.985e+02
8.740444e+01	-5.389e+01	2.211e+02	2.960e+02
8.750600e+01	-5.614e+01	2.221e+02	2.988e+02
8.760759e+01	-5.608e+01	2.223e+02	2.991e+02
8.770915e+01	-5.414e+01	2.215e+02	2.966e+02
8.781069e+01	-5.690e+01	2.226e+02	2.990e+02
8.791234e+01	-5.380e+01	2.214e+02	2.963e+02
8.801393e+01	-5.686e+01	2.219e+02	2.985e+02
8.811549e+01	-5.491e+01	2.216e+02	2.958e+02
8.821699e+01	-5.621e+01	2.225e+02	2.991e+02
8.831862e+01	-5.592e+01	2.213e+02	2.960e+02
8.842015e+01	-5.623e+01	2.219e+02	2.991e+02
8.852174e+01	-5.658e+01	2.219e+02	2.967e+02
8.862331e+01	-5.701e+01	2.223e+02	2.992e+02
8.872484e+01	-5.659e+01	2.223e+02	2.967e+02
8.882643e+01	-5.649e+01	2.224e+02	2.992e+02
8.892796e+01	-5.613e+01	2.226e+02	2.972e+02
8.902949e+01	-5.629e+01	2.222e+02	2.986e+02
8.913109e+01	-5.656e+01	2.228e+02	2.986e+02
8.923265e+01	-5.591e+01	2.223e+02	2.992e+02
8.933421e+01	-5.603e+01	2.227e+02	2.992e+02
8.943578e+01	-5.647e+01	2.225e+02	2.996e+02
8.953731e+01	-5.619e+01	2.227e+02	2.991e+02
8.963899e+01	-5.634e+01	2.222e+02	2.991e+02
8.974040e+01	-5.646e+01	2.226e+02	2.993e+02
8.984197e+01	-5.654e+01	2.225e+02	2.990e+02
8.995131e+01	-5.647e+01	2.225e+02	2.994e+02
9.004509e+01	-5.667e+01	2.223e+02	2.991e+02
9.014720e+01	-5.620e+01	2.221e+02	2.990e+02
9.024822e+01	-5.626e+01	2.218e+02	2.991e+02
9.034978e+01	-5.602e+01	2.218e+02	2.990e+02
9.045137e+01	-5.614e+01	2.217e+02	2.989e+02
9.055293e+01	-5.642e+01	2.219e+02	2.987e+02
9.065465e+01	-5.639e+01	2.221e+02	2.995e+02
9.075606e+01	-5.635e+01	2.220e+02	2.994e+02
9.085759e+01	-5.610e+01	2.218e+02	2.994e+02
9.095915e+01	-5.645e+01	2.223e+02	2.993e+02
9.106087e+01	-5.632e+01	2.224e+02	2.987e+02
9.116224e+01	-5.595e+01	2.224e+02	2.989e+02
9.126377e+01	-5.652e+01	2.222e+02	2.987e+02
9.136533e+01	-5.596e+01	2.221e+02	2.993e+02
9.146689e+01	-5.636e+01	2.223e+02	2.987e+02
9.156846e+01	-5.598e+01	2.223e+02	2.984e+02
9.167002e+01	-5.636e+01	2.223e+02	2.987e+02
9.177155e+01	-5.632e+01	2.222e+02	2.993e+02
9.187318e+01	-5.629e+01	2.228e+02	2.996e+02
9.197474e+01	-5.660e+01	2.227e+02	2.993e+02
9.207630e+01	-5.604e+01	2.226e+02	2.989e+02
9.217783e+01	-5.636e+01	2.226e+02	2.989e+02
9.227939e+01	-5.642e+01	2.226e+02	2.994e+02
9.238105e+01	-5.597e+01	2.229e+02	2.989e+02
9.248255e+01	-5.566e+01	2.226e+02	2.990e+02
9.258408e+01	-5.603e+01	2.228e+02	2.989e+02
9.268564e+01	-5.481e+01	2.227e+02	2.989e+02
9.278726e+01	-5.652e+01	2.225e+02	2.987e+02
9.288885e+01	-5.343e+01	2.220e+02	2.990e+02
9.299038e+01	-5.635e+01	2.221e+02	2.992e+02
9.309198e+01	-5.370e+01	2.215e+02	2.989e+02
9.319351e+01	-5.618e+01	2.223e+02	2.989e+02
9.329507e+01	-5.353e+01	2.218e+02	2.983e+02
9.339675e+01	-5.646e+01	2.229e+02	2.994e+02
9.349826e+01	-5.372e+01	2.219e+02	2.978e+02
9.359976e+01	-5.660e+01	2.222e+02	2.995e+02
9.370135e+01	-5.383e+01	2.213e+02	2.968e+02
9.380285e+01	-5.389e+01	2.216e+02	2.967e+02
9.390460e+01	-5.617e+01	2.223e+02	2.990e+02
9.400604e+01	-5.375e+01	2.209e+02	2.962e+02
9.410757e+01	-5.728e+01	2.220e+02	2.991e+02
9.421694e+01	-5.381e+01	2.211e+02	2.962e+02
9.431069e+01	-5.631e+01	2.226e+02	2.988e+02
9.441996e+01	-5.360e+01	2.217e+02	2.961e+02
9.452153e+01	-5.603e+01	2.228e+02	2.986e+02
9.462312e+01	-5.398e+01	2.217e+02	2.959e+02
9.472465e+01	-5.647e+01	2.225e+02	2.988e+02
9.482621e+01	-5.331e+01	2.215e+02	2.958e+02
9.492778e+01	-5.631e+01	2.225e+02	2.992e+02
9.502931e+01	-5.368e+01	2.217e+02	2.964e+02
9.513093e+01	-5.641e+01	2.217e+02	2.985e+02
9.523246e+01	-5.396e+01	2.213e+02	2.969e+02
9.533406e+01	-5.634e+01	2.223e+02	2.988e+02
9.543559e+01	-5.436e+01	2.217e+02	2.966e+02
9.553718e+01	-5.667e+01	2.220e+02	2.983e+02
9.564180e+01	-5.603e+01	2.214e+02	2.962e+02
9.574031e+01	-5.623e+01	2.225e+02	2.981e+02
9.584184e+01	-5.663e+01	2.219e+02	2.964e+02
9.594343e+01	-5.651e+01	2.221e+02	2.988e+02
9.604502e+01	-5.632e+01	2.221e+02	2.973e+02
9.614643e+01	-5.639e+01	2.223e+02	2.990e+02
9.624799e+01	-5.658e+01	2.227e+02	2.981e+02
9.634955e+01	-5.590e+01	2.220e+02	2.991e+02
9.645111e+01	-5.595e+01	2.223e+02	2.994e+02
9.655264e+01	-5.601e+01	2.223e+02	2.990e+02
9.665424e+01	-5.613e+01	2.222e+02	2.997e+02
9.675629e+01	-5.631e+01	2.217e+02	2.988e+02
9.685736e+01	-5.596e+01	2.224e+02	2.989e+02
9.695893e+01	-5.628e+01	2.225e+02	2.986e+02
9.706052e+01	-5.617e+01	2.226e+02	2.984e+02
9.716208e+01	-5.654e+01	2.219e+02	2.984e+02
9.726367e+01	-5.615e+01	2.223e+02	2.989e+02
9.736518e+01	-5.637e+01	2.224e+02	2.991e+02
9.746674e+01	-5.687e+01	2.221e+02	2.991e+02
9.756833e+01	-5.625e+01	2.220e+02	2.993e+02
9.767003e+01	-5.607e+01	2.226e+02	2.992e+02
9.777160e+01	-5.625e+01	2.223e+02	2.985e+02
9.787313e+01	-5.612e+01	2.224e+02	2.996e+02
9.797472e+01	-5.601e+01	2.227e+02	2.988e+02
9.807625e+01	-5.612e+01	2.227e+02	2.994e+02
9.817782e+01	-5.554e+01	2.224e+02	2.988e+02
9.827938e+01	-5.548e+01	2.228e+02	2.985e+02
9.838094e+01	-5.563e+01	2.229e+02	2.989e+02
9.848250e+01	-5.508e+01	2.229e+02	2.985e+02
9.858404e+01	-5.554e+01	2.233e+02	2.993e+02
9.868563e+01	-5.510e+01	2.228e+02	2.991e+02
9.878716e+01	-5.540e+01	2.229e+02	2.987e+02
9.888872e+01	-5.451e+01	2.230e+02	2.987e+02
9.899035e+01	-5.198e+01	2.234e+02	2.991e+02
9.909188e+01	-5.093e+01	2.233e+02	3.005e+02
9.919344e+01	-5.111e+01	2.233e+02	3.010e+02
9.929507e+01	-5.186e+01	2.235e+02	3.014e+02
9.939645e+01	-5.619e+01	2.220e+02	3.003e+02
9.949811e+01	-5.681e+01	2.221e+02	2.994e+02
9.959964e+01	-5.665e+01	2.220e+02	2.996e+02
9.970120e+01	-5.554e+01	2.221e+02	2.995e+02
9.980270e+01	-5.706e+01	2.216e+02	2.994e+02
9.990430e+01	-5.419e+01	2.220e+02	2.997e+02
1.000061e+02	-5.723e+01	2.224e+02	2.992e+02
1.001154e+02	-5.422e+01	2.213e+02	2.989e+02
1.002091e+02	-5.745e+01	2.226e+02	2.992e+02
1.003106e+02	-5.430e+01	2.213e+02	2.985e+02
1.004125e+02	-5.734e+01	2.218e+02	2.993e+02
1.005137e+02	-5.463e+01	2.213e+02	2.983e+02
1.006154e+02	-5.764e+01	2.223e+02	2.993e+02
1.007168e+02	-5.471e+01	2.210e+02	2.970e+02
1.008184e+02	-5.752e+01	2.224e+02	2.995e+02
1.009199e+02	-5.426e+01	2.212e+02	2.979e+02
1.010214e+02	-5.741e+01	2.221e+02	2.999e+02
1.011230e+02	-5.419e+01	2.213e+02	2.972e+02
1.012246e+02	-5.713e+01	2.220e+02	2.994e+02
1.013261e+02	-5.440e+01	2.209e+02	2.978e+02
1.014277e+02	-5.733e+01	2.220e+02	2.994e+02
1.015293e+02	-5.415e+01	2.210e+02	2.970e+02
1.016308e+02	-5.702e+01	2.226e+02	2.996e+02
1.017324e+02	-5.346e+01	2.218e+02	2.966e+02
1.018339e+02	-5.563e+01	2.228e+02	2.982e+02
1.019355e+02	-5.264e+01	2.218e+02	2.960e+02
1.020370e+02	-5.560e+01	2.233e+02	2.981e+02
1.021396e+02	-5.319e+01	2.223e+02	2.952e+02
1.022402e+02	-5.525e+01	2.225e+02	2.986e+02
1.023418e+02	-5.263e+01	2.223e+02	2.955e+02
1.024433e+02	-5.475e+01	2.232e+02	2.986e+02
1.025448e+02	-5.348e+01	2.225e+02	2.965e+02
1.026463e+02	-5.459e+01	2.234e+02	2.993e+02
1.027479e+02	-5.420e+01	2.224e+02	2.969e+02
1.028494e+02	-5.292e+01	2.242e+02	3.003e+02
1.029510e+02	-5.140e+01	2.232e+02	2.980e+02
1.030526e+02	-5.192e+01	2.235e+02	3.016e+02
1.031541e+02	-5.201e+01	2.231e+02	3.001e+02
1.032557e+02	-5.385e+01	2.230e+02	3.015e+02
1.033573e+02	-5.612e+01	2.220e+02	3.005e+02
1.034589e+02	-5.765e+01	2.216e+02	3.017e+02
1.035604e+02	-5.743e+01	2.221e+02	3.009e+02
1.036620e+02	-5.763e+01	2.215e+02	3.013e+02
1.037635e+02	-5.726e+01	2.213e+02	3.010e+02
1.038651e+02	-5.715e+01	2.217e+02	3.008e+02
1.039666e+02	-5.686e+01	2.219e+02	3.014e+02
1.040682e+02	-5.613e+01	2.222e+02	3.011e+02
1.041699e+02	-5.646e+01	2.216e+02	3.028e+02
1.042714e+02	-5.597e+01	2.220e+02	3.028e+02
1.043730e+02	-5.565e+01	2.223e+02	3.025e+02
1.044745e+02	-5.596e+01	2.220e+02	3.032e+02
1.045761e+02	-5.606e+01	2.218e+02	3.023e+02
1.046777e+02	-5.606e+01	2.225e+02	3.016e+02
1.047792e+02	-5.624e+01	2.224e+02	3.015e+02
1.048808e+02	-5.636e+01	2.226e+02	3.016e+02
1.049824e+02	-5.647e+01	2.225e+02	3.014e+02
1.050839e+02	-5.601e+01	2.221e+02	3.007e+02
1.051855e+02	-5.606e+01	2.225e+02	3.004e+02
1.052870e+02	-5.629e+01	2.222e+02	3.000e+02
1.053894e+02	-5.582e+01	2.224e+02	3.005e+02
1.054902e+02	-5.595e+01	2.220e+02	3.003e+02
1.055917e+02	-5.569e+01	2.226e+02	3.003e+02
1.056933e+02	-5.628e+01	2.225e+02	3.000e+02
1.057948e+02	-5.636e+01	2.221e+02	3.004e+02
1.058967e+02	-5.505e+01	2.226e+02	2.998e+02
1.059979e+02	-5.504e+01	2.227e+02	3.001e+02
1.060995e+02	-5.427e+01	2.229e+02	3.005e+02
1.062011e+02	-5.210e+01	2.229e+02	3.000e+02
1.063026e+02	-5.038e+01	2.236e+02	3.008e+02
1.064042e+02	-4.987e+01	2.234e+02	3.018e+02
1.065057e+02	-4.985e+01	2.231e+02	3.014e+02
1.066073e+02	-4.999e+01	2.234e+02	3.019e+02
1.067089e+02	-4.970e+01	2.236e+02	3.020e+02
1.068104e+02	-5.012e+01	2.232e+02	3.020e+02
1.069120e+02	-5.033e+01	2.232e+02	3.023e+02
1.070135e+02	-4.956e+01	2.228e+02	3.017e+02
1.071152e+02	-5.027e+01	2.230e+02	3.020e+02
1.072167e+02	-4.871e+01	2.237e+02	3.007e+02
1.073182e+02	-5.029e+01	2.235e+02	3.018e+02
1.074197e+02	-4.827e+01	2.234e+02	3.008e+02
1.075241e+02	-5.306e+01	2.225e+02	3.020e+02
1.076228e+02	-5.400e+01	2.207e+02	3.007e+02
1.077245e+02	-5.931e+01	2.212e+02	2.974e+02
1.078260e+02	-5.614e+01	2.215e+02	2.961e+02
1.079277e+02	-5.768e+01	2.223e+02	2.963e+02
1.080369e+02	-5.448e+01	2.213e+02	2.949e+02
1.081388e+02	-5.696e+01	2.226e+02	2.972e+02
1.082401e+02	-5.363e+01	2.220e+02	2.958e+02
1.083416e+02	-5.636e+01	2.230e+02	2.983e+02
1.084432e+02	-5.374e+01	2.220e+02	2.959e+02
1.085447e+02	-5.618e+01	2.226e+02	2.982e+02
1.086463e+02	-5.391e+01	2.217e+02	2.959e+02
1.087478e+02	-5.617e+01	2.226e+02	2.981e+02
1.088494e+02	-5.352e+01	2.215e+02	2.964e+02
1.089510e+02	-5.635e+01	2.227e+02	3.002e+02
1.090530e+02	-5.411e+01	2.212e+02	2.974e+02
1.091541e+02	-5.674e+01	2.218e+02	3.006e+02
1.092563e+02	-5.364e+01	2.207e+02	3.003e+02
1.093572e+02	-5.565e+01	2.213e+02	3.042e+02
1.094588e+02	-5.261e+01	2.199e+02	3.027e+02
1.095604e+02	-5.452e+01	2.209e+02	3.055e+02
1.096621e+02	-5.199e+01	2.195e+02	3.028e+02
1.097635e+02	-5.466e+01	2.201e+02	3.058e+02
1.098651e+02	-5.178e+01	2.195e+02	3.034e+02
1.099666e+02	-5.453e+01	2.203e+02	3.055e+02
1.100682e+02	-5.369e+01	2.202e+02	3.014e+02
1.101699e+02	-5.679e+01	2.209e+02	3.021e+02
1.102715e+02	-5.575e+01	2.207e+02	2.997e+02
1.103729e+02	-5.801e+01	2.210e+02	3.011e+02
1.104745e+02	-5.741e+01	2.204e+02	2.987e+02
1.105760e+02	-5.836e+01	2.211e+02	3.010e+02
1.106775e+02	-5.735e+01	2.211e+02	2.977e+02
1.107791e+02	-5.701e+01	2.221e+02	2.993e+02
1.108807e+02	-5.682e+01	2.222e+02	2.960e+02
1.109822e+02	-5.640e+01	2.226e+02	2.980e+02
1.110838e+02	-5.618e+01	2.228e+02	2.951e+02
1.111854e+02	-5.587e+01	2.224e+02	2.966e+02
1.112869e+02	-5.569e+01	2.232e+02	2.967e+02
1.113885e+02	-5.560e+01	2.225e+02	2.972e+02
1.114900e+02	-5.535e+01	2.226e+02	2.978e+02
1.115916e+02	-5.485e+01	2.229e+02	2.983e+02
1.116932e+02	-5.547e+01	2.228e+02	2.979e+02
1.117947e+02	-5.573e+01	2.226e+02	2.986e+02
1.118963e+02	-5.497e+01	2.228e+02	2.984e+02
1.119979e+02	-5.498e+01	2.224e+02	2.987e+02
1.120994e+02	-5.510e+01	2.222e+02	2.989e+02
1.122010e+02	-5.514e+01	2.225e+02	2.977e+02
1.123024e+02	-5.560e+01	2.223e+02	2.981e+02
1.124040e+02	-5.548e+01	2.228e+02	2.982e+02
1.125056e+02	-5.526e+01	2.227e+02	2.980e+02
1.126072e+02	-5.480e+01	2.224e+02	2.989e+02
1.127087e+02	-5.504e+01	2.227e+02	2.984e+02
1.128104e+02	-5.490e+01	2.223e+02	2.979e+02
1.129118e+02	-5.507e+01	2.222e+02	2.988e+02
1.130134e+02	-5.477e+01	2.229e+02	2.986e+02
1.131150e+02	-5.509e+01	2.227e+02	2.981e+02
1.132166e+02	-5.464e+01	2.228e+02	2.985e+02
1.133181e+02	-5.421e+01	2.228e+02	2.984e+02
1.134196e+02	-5.468e+01	2.222e+02	2.985e+02
1.135212e+02	-5.427e+01	2.225e+02	2.980e+02
1.136228e+02	-5.432e+01	2.222e+02	2.987e+02
1.137244e+02	-5.512e+01	2.225e+02	2.982e+02
1.138260e+02	-5.426e+01	2.227e+02	2.987e+02
1.139275e+02	-5.493e+01	2.227e+02	2.987e+02
1.140290e+02	-5.449e+01	2.221e+02	2.991e+02
1.141306e+02	-5.483e+01	2.229e+02	2.981e+02
1.142322e+02	-5.492e+01	2.229e+02	2.984e+02
1.143337e+02	-5.510e+01	2.227e+02	2.972e+02
1.144353e+02	-5.520e+01	2.228e+02	2.973e+02
1.145406e+02	-5.465e+01	2.227e+02	2.976e+02
1.146407e+02	-5.501e+01	2.228e+02	2.979e+02
1.147404e+02	-5.477e+01	2.230e+02	2.982e+02
1.148415e+02	-5.436e+01	2.226e+02	2.980e+02
1.149431e+02	-5.469e+01	2.232e+02	2.988e+02
1.150447e+02	-5.502e+01	2.232e+02	2.976e+02
1.151462e+02	-5.361e+01	2.226e+02	2.990e+02
1.152478e+02	-5.640e+01	2.230e+02	2.982e+02
1.153493e+02	-5.437e+01	2.222e+02	2.988e+02
1.154509e+02	-5.706e+01	2.225e+02	2.983e+02
1.155524e+02	-5.432e+01	2.220e+02	2.976e+02
1.156540e+02	-5.670e+01	2.227e+02	2.977e+02
1.157555e+02	-5.435e+01	2.215e+02	2.980e+02
1.158571e+02	-5.751e+01	2.224e+02	2.977e+02
1.159586e+02	-5.540e+01	2.212e+02	2.959e+02
1.160680e+02	-5.756e+01	2.225e+02	2.967e+02
1.161618e+02	-5.505e+01	2.216e+02	2.939e+02
1.162633e+02	-5.704e+01	2.223e+02	2.963e+02
1.163649e+02	-5.486e+01	2.216e+02	2.939e+02
1.164664e+02	-5.653e+01	2.228e+02	2.962e+02
1.165680e+02	-5.447e+01	2.220e+02	2.936e+02
1.166696e+02	-5.631e+01	2.228e+02	2.970e+02
1.167711e+02	-5.414e+01	2.220e+02	2.953e+02
1.168739e+02	-5.625e+01	2.227e+02	2.985e+02
1.169743e+02	-5.396e+01	2.216e+02	2.958e+02
1.170758e+02	-5.592e+01	2.227e+02	2.982e+02
1.171774e+02	-5.372e+01	2.217e+02	2.965e+02
1.172789e+02	-5.609e+01	2.222e+02	2.983e+02
1.173807e+02	-5.371e+01	2.211e+02	2.967e+02
1.174820e+02	-5.365e+01	2.221e+02	2.968e+02
1.175836e+02	-5.637e+01	2.229e+02	2.991e+02
1.176852e+02	-5.313e+01	2.219e+02	2.963e+02
1.177867e+02	-5.581e+01	2.227e+02	2.989e+02
1.178883e+02	-5.357e+01	2.218e+02	2.967e+02
1.179898e+02	-5.563e+01	2.229e+02	2.984e+02
1.180915e+02	-5.335e+01	2.220e+02	2.956e+02
1.181929e+02	-5.509e+01	2.223e+02	2.990e+02
1.182947e+02	-5.441e+01	2.221e+02	2.961e+02
1.183961e+02	-5.537e+01	2.228e+02	2.989e+02
1.184977e+02	-5.557e+01	2.223e+02	2.962e+02
1.185992e+02	-5.523e+01	2.221e+02	2.989e+02
1.187015e+02	-5.546e+01	2.226e+02	2.961e+02
1.188023e+02	-5.530e+01	2.225e+02	2.992e+02
1.189038e+02	-5.530e+01	2.227e+02	2.976e+02
1.190054e+02	-5.529e+01	2.224e+02	2.997e+02
1.191069e+02	-5.491e+01	2.225e+02	2.981e+02
1.192086e+02	-5.526e+01	2.222e+02	2.992e+02
1.193101e+02	-5.548e+01	2.224e+02	2.984e+02
1.194118e+02	-5.525e+01	2.225e+02	2.981e+02
1.195132e+02	-5.547e+01	2.224e+02	2.987e+02
1.196148e+02	-5.581e+01	2.223e+02	2.982e+02
1.197163e+02	-5.704e+01	2.217e+02	2.986e+02
1.198178e+02	-5.762e+01	2.218e+02	2.993e+02
1.199194e+02	-5.723e+01	2.217e+02	2.982e+02
1.200210e+02	-5.780e+01	2.212e+02	2.985e+02
1.201226e+02	-5.775e+01	2.210e+02	2.982e+02
1.202241e+02	-5.706e+01	2.217e+02	2.989e+02
1.203257e+02	-5.736e+01	2.217e+02	2.982e+02
1.204272e+02	-5.725e+01	2.216e+02	2.988e+02
1.205287e+02	-5.756e+01	2.216e+02	2.979e+02
1.206303e+02	-5.708e+01	2.210e+02	2.980e+02
1.207318e+02	-5.682e+01	2.217e+02	2.977e+02
1.208336e+02	-5.739e+01	2.216e+02	2.976e+02
1.209350e+02	-5.678e+01	2.216e+02	2.974e+02
1.210365e+02	-5.671e+01	2.216e+02	2.966e+02
1.211392e+02	-5.636e+01	2.216e+02	2.971e+02
1.212397e+02	-5.653e+01	2.218e+02	2.974e+02
1.213412e+02	-5.664e+01	2.216e+02	2.981e+02
1.214428e+02	-5.685e+01	2.215e+02	2.978e+02
1.215444e+02	-5.615e+01	2.223e+02	2.973e+02
1.216461e+02	-5.664e+01	2.219e+02	2.974e+02
1.217475e+02	-5.649e+01	2.220e+02	2.987e+02
1.218490e+02	-5.660e+01	2.220e+02	2.991e+02
1.219506e+02	-5.658e+01	2.215e+02	2.996e+02
1.220521e+02	-5.649e+01	2.219e+02	2.998e+02
1.221537e+02	-5.658e+01	2.218e+02	2.995e+02
1.222552e+02	-5.607e+01	2.221e+02	3.001e+02
1.223568e+02	-5.667e+01	2.221e+02	2.996e+02
1.224583e+02	-5.651e+01	2.225e+02	3.003e+02
1.225599e+02	-5.637e+01	2.216e+02	3.006e+02
1.226615e+02	-5.619e+01	2.219e+02	3.001e+02
1.227630e+02	-5.640e+01	2.222e+02	2.998e+02
1.228646e+02	-5.595e+01	2.220e+02	2.996e+02
1.229662e+02	-5.639e+01	2.222e+02	2.997e+02
1.230677e+02	-5.429e+01	2.227e+02	2.997e+02
1.231693e+02	-5.625e+01	2.221e+02	3.000e+02
1.232708e+02	-5.364e+01	2.214e+02	3.003e+02
1.233724e+02	-5.619e+01	2.217e+02	3.004e+02
1.234740e+02	-5.397e+01	2.212e+02	2.998e+02
1.235755e+02	-5.640e+01	2.217e+02	3.007e+02
1.236772e+02	-5.595e+01	2.215e+02	3.009e+02
1.237788e+02	-5.370e+01	2.207e+02	2.984e+02
1.238803e+02	-5.641e+01	2.215e+02	3.008e+02
1.239819e+02	-5.342e+01	2.209e+02	2.986e+02
1.240834e+02	-5.674e+01	2.213e+02	3.000e+02
1.241850e+02	-5.397e+01	2.208e+02	2.978e+02
1.242865e+02	-5.712e+01	2.219e+02	2.996e+02
1.243881e+02	-5.472e+01	2.206e+02	2.963e+02
1.244898e+02	-5.696e+01	2.219e+02	2.988e+02
1.245912e+02	-5.422e+01	2.214e+02	2.957e+02
1.246928e+02	-5.723e+01	2.221e+02	2.984e+02
1.247943e+02	-5.424e+01	2.214e+02	2.956e+02
1.248959e+02	-5.692e+01	2.222e+02	2.985e+02
1.249975e+02	-5.394e+01	2.214e+02	2.972e+02
1.250990e+02	-5.635e+01	2.222e+02	2.993e+02
1.252007e+02	-5.305e+01	2.217e+02	2.964e+02
1.253022e+02	-5.573e+01	2.223e+02	2.989e+02
1.254037e+02	-5.392e+01	2.214e+02	2.958e+02
1.255063e+02	-5.649e+01	2.225e+02	2.991e+02
1.256069e+02	-5.441e+01	2.213e+02	2.970e+02
1.257089e+02	-5.651e+01	2.225e+02	2.994e+02
1.258100e+02	-5.337e+01	2.214e+02	2.970e+02
1.259116e+02	-5.496e+01	2.224e+02	2.995e+02
1.260136e+02	-5.295e+01	2.220e+02	2.970e+02
1.261147e+02	-5.413e+01	2.232e+02	2.989e+02
1.262164e+02	-5.381e+01	2.227e+02	2.955e+02
1.263178e+02	-5.451e+01	2.233e+02	2.981e+02
1.264193e+02	-5.465e+01	2.229e+02	2.957e+02
1.265209e+02	-5.452e+01	2.229e+02	2.981e+02
1.266225e+02	-5.447e+01	2.233e+02	2.964e+02
1.267240e+02	-5.424e+01	2.233e+02	2.983e+02
1.268256e+02	-5.372e+01	2.235e+02	2.963e+02
1.269271e+02	-5.431e+01	2.233e+02	2.980e+02
1.270287e+02	-5.472e+01	2.234e+02	2.983e+02
1.271302e+02	-5.509e+01	2.232e+02	2.982e+02
1.272318e+02	-5.480e+01	2.229e+02	2.980e+02
1.273333e+02	-5.501e+01	2.228e+02	2.985e+02
1.274349e+02	-5.494e+01	2.226e+02	2.993e+02
1.275364e+02	-5.488e+01	2.232e+02	2.993e+02
1.276380e+02	-5.496e+01	2.226e+02	2.988e+02
1.277396e+02	-5.494e+01	2.228e+02	2.986e+02
1.278412e+02	-5.496e+01	2.229e+02	2.986e+02
1.279427e+02	-5.532e+01	2.230e+02	2.996e+02
1.280443e+02	-5.503e+01	2.227e+02	2.993e+02
1.281458e+02	-5.510e+01	2.228e+02	2.989e+02
1.282474e+02	-5.516e+01	2.229e+02	2.988e+02
1.283490e+02	-5.524e+01	2.225e+02	2.992e+02
1.284505e+02	-5.510e+01	2.227e+02	2.992e+02
1.285521e+02	-5.509e+01	2.227e+02	2.992e+02
1.286536e+02	-5.509e+01	2.226e+02	2.988e+02
1.287556e+02	-5.507e+01	2.226e+02	2.994e+02
1.288569e+02	-5.449e+01	2.223e+02	2.996e+02
1.289583e+02	-5.518e+01	2.226e+02	2.990e+02
1.290599e+02	-5.470e+01	2.223e+02	2.990e+02
1.291614e+02	-5.453e+01	2.226e+02	2.994e+02
1.292630e+02	-5.531e+01	2.225e+02	2.991e+02
1.293646e+02	-5.472e+01	2.224e+02	2.992e+02
1.294661e+02	-5.481e+01	2.228e+02	2.993e+02
1.295676e+02	-5.529e+01	2.227e+02	2.989e+02
1.296692e+02	-5.440e+01	2.222e+02	2.993e+02
1.297708e+02	-5.508e+01	2.225e+02	2.996e+02
1.298724e+02	-5.499e+01	2.223e+02	2.989e+02
1.299739e+02	-5.530e+01	2.222e+02	2.991e+02
1.300755e+02	-5.477e+01	2.222e+02	2.994e+02
1.301771e+02	-5.519e+01	2.226e+02	2.985e+02
1.302787e+02	-5.562e+01	2.226e+02	2.993e+02
1.303802e+02	-5.559e+01	2.224e+02	2.996e+02
1.304820e+02	-5.430e+01	2.224e+02	2.993e+02
1.305834e+02	-5.588e+01	2.228e+02	2.992e+02
1.306854e+02	-5.396e+01	2.228e+02	2.985e+02
1.307865e+02	-5.626e+01	2.228e+02	2.983e+02
1.308895e+02	-5.359e+01	2.215e+02	2.987e+02
1.309906e+02	-5.613e+01	2.217e+02	2.992e+02
1.310912e+02	-5.366e+01	2.212e+02	2.986e+02
1.311927e+02	-5.601e+01	2.221e+02	2.980e+02
1.312943e+02	-5.350e+01	2.207e+02	2.970e+02
1.313959e+02	-5.660e+01	2.221e+02	2.984e+02
1.314975e+02	-5.392e+01	2.209e+02	2.962e+02
1.315990e+02	-5.623e+01	2.223e+02	2.983e+02
1.317005e+02	-5.360e+01	2.214e+02	2.968e+02
1.318021e+02	-5.653e+01	2.220e+02	2.988e+02
1.319040e+02	-5.361e+01	2.213e+02	2.966e+02
1.320053e+02	-5.596e+01	2.219e+02	2.986e+02
1.321069e+02	-5.396e+01	2.213e+02	2.963e+02
1.322083e+02	-5.626e+01	2.217e+02	2.981e+02
1.323099e+02	-5.382e+01	2.214e+02	2.963e+02
1.324114e+02	-5.684e+01	2.228e+02	2.989e+02
1.325130e+02	-5.388e+01	2.212e+02	2.955e+02
1.326146e+02	-5.647e+01	2.220e+02	2.986e+02
1.327161e+02	-5.381e+01	2.207e+02	2.959e+02
1.328176e+02	-5.656e+01	2.222e+02	2.985e+02
1.329192e+02	-5.392e+01	2.212e+02	2.965e+02
1.330208e+02	-5.630e+01	2.222e+02	2.979e+02
1.331224e+02	-5.374e+01	2.212e+02	2.960e+02
1.332239e+02	-5.654e+01	2.222e+02	2.985e+02
1.333255e+02	-5.358e+01	2.212e+02	2.953e+02
1.334270e+02	-5.685e+01	2.222e+02	2.987e+02
1.335364e+02	-5.440e+01	2.213e+02	2.967e+02
1.336302e+02	-5.636e+01	2.215e+02	2.986e+02
1.337317e+02	-5.477e+01	2.213e+02	2.962e+02
1.338333e+02	-5.652e+01	2.223e+02	2.983e+02
1.339348e+02	-5.641e+01	2.208e+02	2.955e+02
1.340364e+02	-5.660e+01	2.221e+02	2.978e+02
1.341380e+02	-5.674e+01	2.220e+02	2.960e+02
1.342401e+02	-5.637e+01	2.222e+02	2.988e+02
1.343411e+02	-5.581e+01	2.223e+02	2.965e+02
1.344426e+02	-5.648e+01	2.226e+02	2.985e+02
1.345443e+02	-5.629e+01	2.218e+02	2.974e+02
1.346458e+02	-5.635e+01	2.219e+02	2.988e+02
1.347473e+02	-5.613e+01	2.220e+02	2.978e+02
1.348492e+02	-5.686e+01	2.220e+02	2.981e+02
1.349505e+02	-5.648e+01	2.222e+02	2.987e+02
1.350520e+02	-5.669e+01	2.224e+02	2.985e+02
1.351535e+02	-5.656e+01	2.222e+02	2.991e+02
1.352566e+02	-5.637e+01	2.219e+02	2.989e+02
1.353567e+02	-5.662e+01	2.219e+02	2.986e+02
1.354582e+02	-5.634e+01	2.223e+02	2.986e+02
1.355598e+02	-5.687e+01	2.227e+02	2.987e+02
1.356613e+02	-5.612e+01	2.224e+02	2.990e+02
1.357629e+02	-5.619e+01	2.224e+02	2.991e+02
1.358645e+02	-5.639e+01	2.224e+02	2.994e+02
1.359660e+02	-5.620e+01	2.223e+02	2.988e+02
1.360675e+02	-5.614e+01	2.224e+02	2.986e+02
1.361691e+02	-5.615e+01	2.217e+02	2.990e+02
1.362708e+02	-5.601e+01	2.221e+02	2.991e+02
1.363723e+02	-5.634e+01	2.220e+02	2.987e+02
1.364816e+02	-5.623e+01	2.221e+02	2.991e+02
1.365754e+02	-5.612e+01	2.225e+02	2.997e+02
1.366769e+02	-5.634e+01	2.220e+02	2.991e+02
1.367784e+02	-5.608e+01	2.218e+02	2.985e+02
1.368800e+02	-5.645e+01	2.218e+02	2.990e+02
1.369816e+02	-5.645e+01	2.215e+02	2.985e+02
1.370831e+02	-5.568e+01	2.214e+02	2.987e+02
1.371847e+02	-5.632e+01	2.217e+02	2.988e+02
1.372863e+02	-5.680e+01	2.217e+02	2.992e+02
1.373880e+02	-5.608e+01	2.219e+02	2.991e+02
1.374895e+02	-5.599e+01	2.217e+02	2.989e+02
1.375909e+02	-5.588e+01	2.214e+02	2.991e+02
1.376925e+02	-5.628e+01	2.216e+02	2.991e+02
1.377941e+02	-5.639e+01	2.218e+02	2.992e+02
1.378957e+02	-5.606e+01	2.217e+02	2.995e+02
1.379972e+02	-5.662e+01	2.217e+02	2.987e+02
1.381067e+02	-5.635e+01	2.216e+02	2.993e+02
1.382005e+02	-5.582e+01	2.219e+02	2.989e+02
1.383018e+02	-5.685e+01	2.220e+02	2.993e+02
1.384033e+02	-5.603e+01	2.216e+02	2.989e+02
1.385049e+02	-5.647e+01	2.214e+02	2.989e+02
1.386065e+02	-5.541e+01	2.216e+02	2.985e+02
1.387080e+02	-5.610e+01	2.220e+02	2.988e+02
1.388097e+02	-5.460e+01	2.222e+02	2.992e+02
1.389112e+02	-5.635e+01	2.219e+02	2.994e+02
1.390205e+02	-5.408e+01	2.212e+02	2.996e+02
1.391143e+02	-5.635e+01	2.217e+02	2.993e+02
1.392158e+02	-5.374e+01	2.208e+02	2.989e+02
1.393174e+02	-5.613e+01	2.213e+02	2.992e+02
1.394190e+02	-5.375e+01	2.214e+02	2.980e+02
1.395205e+02	-5.632e+01	2.219e+02	2.992e+02
1.396221e+02	-5.404e+01	2.208e+02	2.975e+02
1.397237e+02	-5.660e+01	2.216e+02	2.989e+02
1.398252e+02	-5.370e+01	2.213e+02	2.964e+02
1.399268e+02	-5.656e+01	2.218e+02	2.991e+02
1.400283e+02	-5.402e+01	2.211e+02	2.970e+02
1.401299e+02	-5.670e+01	2.220e+02	2.992e+02
1.402315e+02	-5.387e+01	2.207e+02	2.968e+02
1.403330e+02	-5.646e+01	2.219e+02	2.992e+02
1.404346e+02	-5.382e+01	2.209e+02	2.961e+02
1.405439e+02	-5.667e+01	2.223e+02	2.987e+02
1.406455e+02	-5.358e+01	2.212e+02	2.960e+02
1.407471e+02	-5.668e+01	2.222e+02	2.987e+02
1.408486e+02	-5.403e+01	2.214e+02	2.964e+02
1.409502e+02	-5.637e+01	2.222e+02	2.989e+02
1.410517e+02	-5.368e+01	2.209e+02	2.962e+02
1.411533e+02	-5.686e+01	2.221e+02	2.986e+02
1.412563e+02	-5.370e+01	2.211e+02	2.963e+02
1.413564e+02	-5.634e+01	2.222e+02	2.987e+02
1.414580e+02	-5.375e+01	2.210e+02	2.958e+02
1.415595e+02	-5.676e+01	2.219e+02	2.986e+02
1.416611e+02	-5.413e+01	2.213e+02	2.961e+02
1.417626e+02	-5.662e+01	2.219e+02	2.987e+02
1.418645e+02	-5.653e+01	2.218e+02	2.983e+02
1.419657e+02	-5.606e+01	2.213e+02	2.961e+02
1.420673e+02	-5.692e+01	2.218e+02	2.985e+02
1.421690e+02	-5.674e+01	2.220e+02	2.956e+02
1.422704e+02	-5.649e+01	2.217e+02	2.981e+02
1.423722e+02	-5.609e+01	2.218e+02	2.958e+02
1.424735e+02	-5.645e+01	2.218e+02	2.983e+02
1.425751e+02	-5.664e+01	2.220e+02	2.972e+02
1.426767e+02	-5.674e+01	2.220e+02	2.982e+02
1.427783e+02	-5.675e+01	2.220e+02	2.980e+02
1.428798e+02	-5.649e+01	2.215e+02	2.988e+02
1.429816e+02	-5.641e+01	2.223e+02	2.985e+02
1.430829e+02	-5.660e+01	2.220e+02	2.985e+02
1.431844e+02	-5.623e+01	2.217e+02	2.983e+02
1.432860e+02	-5.659e+01	2.216e+02	2.992e+02
1.433875e+02	-5.643e+01	2.216e+02	2.988e+02
1.434891e+02	-5.641e+01	2.216e+02	2.987e+02
1.435907e+02	-5.607e+01	2.221e+02	2.989e+02
1.436923e+02	-5.669e+01	2.219e+02	2.978e+02
1.437938e+02	-5.654e+01	2.216e+02	2.984e+02
1.438954e+02	-5.670e+01	2.218e+02	2.983e+02
1.439969e+02	-5.615e+01	2.218e+02	2.984e+02
1.440985e+02	-5.665e+01	2.220e+02	2.983e+02
1.442000e+02	-5.653e+01	2.219e+02	2.982e+02
1.443016e+02	-5.697e+01	2.218e+02	2.991e+02
1.444033e+02	-5.649e+01	2.217e+02	2.989e+02
1.445047e+02	-5.653e+01	2.220e+02	2.989e+02
1.446063e+02	-5.671e+01	2.216e+02	2.987e+02
1.447079e+02	-5.679e+01	2.218e+02	2.987e+02
1.448095e+02	-5.724e+01	2.219e+02	2.980e+02
1.449110e+02	-5.743e+01	2.220e+02	2.986e+02
1.450126e+02	-5.679e+01	2.217e+02	2.986e+02
1.451143e+02	-5.759e+01	2.219e+02	2.983e+02
1.452157e+02	-5.663e+01	2.219e+02	2.985e+02
1.453172e+02	-5.675e+01	2.218e+02	2.987e+02
1.454188e+02	-5.686e+01	2.216e+02	2.982e+02
1.455203e+02	-5.682e+01	2.218e+02	2.982e+02
1.456219e+02	-5.698e+01	2.220e+02	2.980e+02
1.457235e+02	-5.712e+01	2.217e+02	2.985e+02
1.458251e+02	-5.778e+01	2.223e+02	2.976e+02
1.459266e+02	-5.706e+01	2.216e+02	2.982e+02
1.460282e+02	-5.704e+01	2.223e+02	2.980e+02
1.461297e+02	-5.662e+01	2.220e+02	2.980e+02
1.462313e+02	-5.634e+01	2.215e+02	2.984e+02
1.463329e+02	-5.518e+01	2.218e+02	2.981e+02
1.464345e+02	-5.679e+01	2.223e+02	2.990e+02
1.465361e+02	-5.400e+01	2.220e+02	2.986e+02
1.466377e+02	-5.654e+01	2.216e+02	2.977e+02
1.467392e+02	-5.444e+01	2.209e+02	2.986e+02
1.468408e+02	-5.652e+01	2.215e+02	2.987e+02
1.469423e+02	-5.444e+01	2.215e+02	2.974e+02
1.470438e+02	-5.742e+01	2.224e+02	2.982e+02
1.471454e+02	-5.443e+01	2.213e+02	2.965e+02
1.472470e+02	-5.734e+01	2.220e+02	2.989e+02
1.473486e+02	-5.451e+01	2.212e+02	2.960e+02
1.474501e+02	-5.690e+01	2.219e+02	2.981e+02
1.475518e+02	-5.410e+01	2.212e+02	2.960e+02
1.476533e+02	-5.681e+01	2.219e+02	2.993e+02
1.477548e+02	-5.416e+01	2.213e+02	2.962e+02
1.478564e+02	-5.658e+01	2.218e+02	2.990e+02
1.479579e+02	-5.715e+01	2.220e+02	2.985e+02
1.480594e+02	-5.487e+01	2.212e+02	2.960e+02
1.481610e+02	-5.685e+01	2.217e+02	2.991e+02
1.482625e+02	-5.403e+01	2.207e+02	2.969e+02
1.483641e+02	-5.667e+01	2.218e+02	2.987e+02
1.484657e+02	-5.433e+01	2.210e+02	2.965e+02
1.485672e+02	-5.662e+01	2.215e+02	2.990e+02
1.486688e+02	-5.497e+01	2.209e+02	2.961e+02
1.487704e+02	-5.684e+01	2.216e+02	2.991e+02
1.488719e+02	-5.429e+01	2.212e+02	2.968e+02
1.489735e+02	-5.701e+01	2.223e+02	2.988e+02
1.490750e+02	-5.560e+01	2.210e+02	2.965e+02
1.491766e+02	-5.678e+01	2.219e+02	2.990e+02
1.492782e+02	-5.629e+01	2.208e+02	2.963e+02
1.493797e+02	-5.628e+01	2.215e+02	2.990e+02
1.494813e+02	-5.652e+01	2.214e+02	2.970e+02
1.495830e+02	-5.715e+01	2.216e+02	2.981e+02
1.496844e+02	-5.640e+01	2.215e+02	2.962e+02
1.497860e+02	-5.709e+01	2.221e+02	2.978e+02
1.498874e+02	-5.698e+01	2.217e+02	2.964e+02
1.499890e+02	-5.730e+01	2.221e+02	2.971e+02
1.500906e+02	-5.873e+01	2.211e+02	2.947e+02
1.501922e+02	-5.938e+01	2.212e+02	2.934e+02
1.502938e+02	-5.867e+01	2.215e+02	2.918e+02
1.503953e+02	-5.886e+01	2.209e+02	2.906e+02
1.504970e+02	-5.877e+01	2.215e+02	2.894e+02
1.505984e+02	-5.834e+01	2.210e+02	2.885e+02
1.507000e+02	-5.794e+01	2.212e+02	2.873e+02
1.508015e+02	-5.797e+01	2.214e+02	2.873e+02
1.509032e+02	-5.717e+01	2.217e+02	2.867e+02
1.510046e+02	-5.693e+01	2.213e+02	2.865e+02
1.511064e+02	-5.774e+01	2.216e+02	2.870e+02
1.512078e+02	-5.787e+01	2.216e+02	2.864e+02
1.513094e+02	-5.769e+01	2.218e+02	2.869e+02
1.514110e+02	-5.806e+01	2.216e+02	2.868e+02
1.515125e+02	-5.786e+01	2.216e+02	2.863e+02
1.516141e+02	-5.831e+01	2.218e+02	2.861e+02
1.517157e+02	-5.763e+01	2.218e+02	2.869e+02
1.518173e+02	-5.739e+01	2.220e+02	2.862e+02
1.519188e+02	-5.753e+01	2.214e+02	2.871e+02
1.520204e+02	-5.769e+01	2.213e+02	2.872e+02
1.521235e+02	-5.785e+01	2.214e+02	2.870e+02
1.522236e+02	-5.757e+01	2.216e+02	2.865e+02
1.523250e+02	-5.781e+01	2.217e+02	2.870e+02
1.524345e+02	-5.759e+01	2.213e+02	2.869e+02
1.525282e+02	-5.781e+01	2.221e+02	2.869e+02
1.526297e+02	-5.731e+01	2.218e+02	2.872e+02
1.527313e+02	-5.769e+01	2.217e+02	2.870e+02
1.528329e+02	-5.767e+01	2.214e+02	2.867e+02
