video_type	frame_index	timestamp
scene	1	0.000000
scene	2	0.040000
scene	3	0.080000
scene	4	0.120000
scene	5	0.160000
scene	6	0.200000
scene	7	0.240400
scene	8	0.280400
scene	9	0.320400
scene	10	0.360400
scene	11	0.400400
scene	12	0.440800
scene	13	0.480800
scene	14	0.520800
scene	15	0.560800
scene	16	0.600800
scene	17	0.640800
scene	18	0.681200
scene	19	0.721200
scene	20	0.761200
scene	21	0.801200
scene	22	0.841200
scene	23	0.881600
scene	24	0.921600
scene	25	0.961600
scene	26	1.001600
scene	27	1.041600
scene	28	1.081600
scene	29	1.122000
scene	30	1.162000
scene	31	1.202000
scene	32	1.242000
scene	33	1.282000
scene	34	1.322400
scene	35	1.362400
scene	36	1.402400
scene	37	1.442400
scene	38	1.482400
scene	39	1.522400
scene	40	1.562800
scene	41	1.602800
scene	42	1.642800
scene	43	1.682800
scene	44	1.722800
scene	45	1.763200
scene	46	1.803200
scene	47	1.843200
scene	48	1.883200
scene	49	1.923200
scene	50	1.963200
scene	51	2.003600
scene	52	2.043600
scene	53	2.083600
scene	54	2.123600
scene	55	2.163600
scene	56	2.204000
scene	57	2.244000
scene	58	2.284000
scene	59	2.324000
scene	60	2.364000
scene	61	2.404000
scene	62	2.444400
scene	63	2.484400
scene	64	2.524400
scene	65	2.564400
scene	66	2.604400
scene	67	2.644800
scene	68	2.684800
scene	69	2.724800
scene	70	2.764800
scene	71	2.804800
scene	72	2.844800
scene	73	2.885200
scene	74	2.925200
scene	75	2.965200
scene	76	3.005200
scene	77	3.045200
scene	78	3.085600
scene	79	3.125600
scene	80	3.165600
scene	81	3.205600
scene	82	3.245600
scene	83	3.285600
scene	84	3.326000
scene	85	3.366000
scene	86	3.406000
scene	87	3.446000
scene	88	3.486000
scene	89	3.526400
scene	90	3.566400
scene	91	3.606400
scene	92	3.646400
scene	93	3.686400
scene	94	3.726400
scene	95	3.766800
scene	96	3.806800
scene	97	3.846800
scene	98	3.886800
scene	99	3.926800
scene	100	3.967200
scene	101	4.007200
scene	102	4.047200
scene	103	4.087200
scene	104	4.127200
scene	105	4.167200
scene	106	4.207600
scene	107	4.247600
scene	108	4.287600
scene	109	4.327600
scene	110	4.367600
scene	111	4.408000
scene	112	4.448000
scene	113	4.488000
scene	114	4.528000
scene	115	4.568000
scene	116	4.608000
scene	117	4.648400
scene	118	4.688400
scene	119	4.728400
scene	120	4.768400
scene	121	4.808400
scene	122	4.848800
scene	123	4.888800
scene	124	4.928800
scene	125	4.968800
scene	126	5.008800
scene	127	5.048800
scene	128	5.089200
scene	129	5.129200
scene	130	5.169200
scene	131	5.209200
scene	132	5.249200
scene	133	5.289600
scene	134	5.329600
scene	135	5.369600
scene	136	5.409600
scene	137	5.449600
scene	138	5.489600
scene	139	5.530000
scene	140	5.570000
scene	141	5.610000
scene	142	5.650000
scene	143	5.690000
scene	144	5.730000
scene	145	5.770400
scene	146	5.810400
scene	147	5.850400
scene	148	5.890400
scene	149	5.930400
scene	150	5.970800
scene	151	6.010800
scene	152	6.050800
scene	153	6.090800
scene	154	6.130800
scene	155	6.170800
scene	156	6.211200
scene	157	6.251200
scene	158	6.291200
scene	159	6.331200
scene	160	6.371200
scene	161	6.411600
scene	162	6.451600
scene	163	6.491600
scene	164	6.531600
scene	165	6.571600
scene	166	6.611600
scene	167	6.652000
scene	168	6.692000
scene	169	6.732000
scene	170	6.772000
scene	171	6.812000
scene	172	6.852400
scene	173	6.892400
scene	174	6.932400
scene	175	6.972400
scene	176	7.012400
scene	177	7.052400
scene	178	7.092800
scene	179	7.132800
scene	180	7.172800
scene	181	7.212800
scene	182	7.252800
scene	183	7.293200
scene	184	7.333200
scene	185	7.373200
scene	186	7.413200
scene	187	7.453200
scene	188	7.493200
scene	189	7.533600
scene	190	7.573600
scene	191	7.613600
scene	192	7.653600
scene	193	7.693600
scene	194	7.734000
scene	195	7.774000
scene	196	7.814000
scene	197	7.854000
scene	198	7.894000
scene	199	7.934000
scene	200	7.974400
scene	201	8.014400
scene	202	8.054400
scene	203	8.094400
scene	204	8.134400
scene	205	8.174800
scene	206	8.214800
scene	207	8.254800
scene	208	8.294800
scene	209	8.334800
scene	210	8.374800
scene	211	8.415200
scene	212	8.455200
scene	213	8.495200
scene	214	8.535200
scene	215	8.575200
scene	216	8.615600
scene	217	8.655600
scene	218	8.695600
scene	219	8.735600
scene	220	8.775600
scene	221	8.815600
scene	222	8.856000
scene	223	8.896000
scene	224	8.936000
scene	225	8.976000
scene	226	9.016000
scene	227	9.056400
scene	228	9.096400
scene	229	9.136400
scene	230	9.176400
scene	231	9.216400
scene	232	9.256400
scene	233	9.296800
scene	234	9.336800
scene	235	9.376800
scene	236	9.416800
scene	237	9.456800
scene	238	9.497200
scene	239	9.537200
scene	240	9.577200
scene	241	9.617200
scene	242	9.657200
scene	243	9.697200
scene	244	9.737600
scene	245	9.777600
scene	246	9.817600
scene	247	9.857600
scene	248	9.897600
scene	249	9.938000
scene	250	9.978000
scene	251	10.018000
scene	252	10.058000
scene	253	10.098000
scene	254	10.138000
scene	255	10.178400
scene	256	10.218400
scene	257	10.258400
scene	258	10.298400
scene	259	10.338400
scene	260	10.378800
scene	261	10.418800
scene	262	10.458800
scene	263	10.498800
scene	264	10.538800
scene	265	10.578800
scene	266	10.619200
scene	267	10.659200
scene	268	10.699200
scene	269	10.739200
scene	270	10.779200
scene	271	10.819600
scene	272	10.859600
scene	273	10.899600
scene	274	10.939600
scene	275	10.979600
scene	276	11.019600
scene	277	11.060000
scene	278	11.100000
scene	279	11.140000
scene	280	11.180000
scene	281	11.220000
scene	282	11.260400
scene	283	11.300400
scene	284	11.340400
scene	285	11.380400
scene	286	11.420400
scene	287	11.460400
scene	288	11.500800
scene	289	11.540800
scene	290	11.580800
scene	291	11.620800
scene	292	11.660800
scene	293	11.701200
scene	294	11.741200
scene	295	11.781200
scene	296	11.821200
scene	297	11.861200
scene	298	11.901200
scene	299	11.941600
scene	300	11.981600
scene	301	12.021600
scene	302	12.061600
scene	303	12.101600
scene	304	12.141600
scene	305	12.182000
scene	306	12.222000
scene	307	12.262000
scene	308	12.302000
scene	309	12.342000
scene	310	12.382400
scene	311	12.422400
scene	312	12.462400
scene	313	12.502400
scene	314	12.542400
scene	315	12.582400
scene	316	12.622800
scene	317	12.662800
scene	318	12.702800
scene	319	12.742800
scene	320	12.782800
scene	321	12.823200
scene	322	12.863200
scene	323	12.903200
scene	324	12.943200
scene	325	12.983200
scene	326	13.023200
scene	327	13.063600
scene	328	13.103600
scene	329	13.143600
scene	330	13.183600
scene	331	13.223600
scene	332	13.264000
scene	333	13.304000
scene	334	13.344000
scene	335	13.384000
scene	336	13.424000
scene	337	13.464000
scene	338	13.504400
scene	339	13.544400
scene	340	13.584400
scene	341	13.624400
scene	342	13.664400
scene	343	13.704800
scene	344	13.744800
scene	345	13.784800
scene	346	13.824800
scene	347	13.864800
scene	348	13.904800
scene	349	13.945200
scene	350	13.985200
scene	351	14.025200
scene	352	14.065200
scene	353	14.105200
scene	354	14.145600
scene	355	14.185600
scene	356	14.225600
scene	357	14.265600
scene	358	14.305600
scene	359	14.345600
scene	360	14.386000
scene	361	14.426000
scene	362	14.466000
scene	363	14.506000
scene	364	14.546000
scene	365	14.586400
scene	366	14.626400
scene	367	14.666400
scene	368	14.706400
scene	369	14.746400
scene	370	14.786400
scene	371	14.826800
scene	372	14.866800
scene	373	14.906800
scene	374	14.946800
scene	375	14.986800
scene	376	15.027200
scene	377	15.067200
scene	378	15.107200
scene	379	15.147200
scene	380	15.187200
scene	381	15.227200
scene	382	15.267600
scene	383	15.307600
scene	384	15.347600
scene	385	15.387600
scene	386	15.427600
scene	387	15.468000
scene	388	15.508000
scene	389	15.548000
scene	390	15.588000
scene	391	15.628000
scene	392	15.668000
scene	393	15.708400
scene	394	15.748400
scene	395	15.788400
scene	396	15.828400
scene	397	15.868400
scene	398	15.908800
scene	399	15.948800
scene	400	15.988800
scene	401	16.028800
scene	402	16.068800
scene	403	16.108800
scene	404	16.149200
scene	405	16.189200
scene	406	16.229200
scene	407	16.269200
scene	408	16.309200
scene	409	16.349600
scene	410	16.389600
scene	411	16.429600
scene	412	16.469600
scene	413	16.509600
scene	414	16.549600
scene	415	16.590000
scene	416	16.630000
scene	417	16.670000
scene	418	16.710000
scene	419	16.750000
scene	420	16.790400
scene	421	16.830400
scene	422	16.870400
scene	423	16.910400
scene	424	16.950400
scene	425	16.990400
scene	426	17.030800
scene	427	17.070800
scene	428	17.110800
scene	429	17.150800
scene	430	17.190800
scene	431	17.231200
scene	432	17.271200
scene	433	17.311200
scene	434	17.351200
scene	435	17.391200
scene	436	17.431200
scene	437	17.471600
scene	438	17.511600
scene	439	17.551600
scene	440	17.591600
scene	441	17.631600
scene	442	17.672000
scene	443	17.712000
scene	444	17.752000
scene	445	17.792000
scene	446	17.832000
scene	447	17.872000
scene	448	17.912400
scene	449	17.952400
scene	450	17.992400
scene	451	18.032400
scene	452	18.072400
scene	453	18.112800
scene	454	18.152800
scene	455	18.192800
scene	456	18.232800
scene	457	18.272800
scene	458	18.312800
scene	459	18.353200
scene	460	18.393200
scene	461	18.433200
scene	462	18.473200
scene	463	18.513200
scene	464	18.553200
scene	465	18.593600
scene	466	18.633600
scene	467	18.673600
scene	468	18.713600
scene	469	18.753600
scene	470	18.794000
scene	471	18.834000
scene	472	18.874000
scene	473	18.914000
scene	474	18.954000
scene	475	18.994000
scene	476	19.034400
scene	477	19.074400
scene	478	19.114400
scene	479	19.154400
scene	480	19.194400
scene	481	19.234800
scene	482	19.274800
scene	483	19.314800
scene	484	19.354800
scene	485	19.394800
scene	486	19.434800
scene	487	19.475200
scene	488	19.515200
scene	489	19.555200
scene	490	19.595200
scene	491	19.635200
scene	492	19.675600
scene	493	19.715600
scene	494	19.755600
scene	495	19.795600
scene	496	19.835600
scene	497	19.875600
scene	498	19.916000
scene	499	19.956000
scene	500	19.996000
scene	501	20.036000
scene	502	20.076000
scene	503	20.116400
scene	504	20.156400
scene	505	20.196400
scene	506	20.236400
scene	507	20.276400
scene	508	20.316400
scene	509	20.356800
scene	510	20.396800
scene	511	20.436800
scene	512	20.476800
scene	513	20.516800
scene	514	20.557200
scene	515	20.597200
scene	516	20.637200
scene	517	20.677200
scene	518	20.717200
scene	519	20.757200
scene	520	20.797600
scene	521	20.837600
scene	522	20.877600
scene	523	20.917600
scene	524	20.957600
scene	525	20.998000
scene	526	21.038000
scene	527	21.078000
scene	528	21.118000
scene	529	21.158000
scene	530	21.198000
scene	531	21.238400
scene	532	21.278400
scene	533	21.318400
scene	534	21.358400
scene	535	21.398400
scene	536	21.438800
scene	537	21.478800
scene	538	21.518800
scene	539	21.558800
scene	540	21.598800
scene	541	21.638800
scene	542	21.679200
scene	543	21.719200
scene	544	21.759200
scene	545	21.799200
scene	546	21.839200
scene	547	21.879600
scene	548	21.919600
scene	549	21.959600
scene	550	21.999600
scene	551	22.039600
scene	552	22.079600
scene	553	22.120000
scene	554	22.160000
scene	555	22.200000
scene	556	22.240000
scene	557	22.280000
scene	558	22.320400
scene	559	22.360400
scene	560	22.400400
scene	561	22.440400
scene	562	22.480400
scene	563	22.520400
scene	564	22.560800
scene	565	22.600800
scene	566	22.640800
scene	567	22.680800
scene	568	22.720800
scene	569	22.761200
scene	570	22.801200
scene	571	22.841200
scene	572	22.881200
scene	573	22.921200
scene	574	22.961200
scene	575	23.001600
scene	576	23.041600
scene	577	23.081600
scene	578	23.121600
scene	579	23.161600
scene	580	23.202000
scene	581	23.242000
scene	582	23.282000
scene	583	23.322000
scene	584	23.362000
scene	585	23.402000
scene	586	23.442400
scene	587	23.482400
scene	588	23.522400
scene	589	23.562400
scene	590	23.602400
scene	591	23.642800
scene	592	23.682800
scene	593	23.722800
scene	594	23.762800
scene	595	23.802800
scene	596	23.842800
scene	597	23.883200
scene	598	23.923200
scene	599	23.963200
scene	600	24.003200
scene	601	24.043200
scene	602	24.083600
scene	603	24.123600
scene	604	24.163600
scene	605	24.203600
scene	606	24.243600
scene	607	24.283600
scene	608	24.324000
scene	609	24.364000
scene	610	24.404000
scene	611	24.444000
scene	612	24.484000
scene	613	24.524400
scene	614	24.564400
scene	615	24.604400
scene	616	24.644400
scene	617	24.684400
scene	618	24.724400
scene	619	24.764800
scene	620	24.804800
scene	621	24.844800
scene	622	24.884800
scene	623	24.924800
scene	624	24.964800
scene	625	25.005200
scene	626	25.045200
scene	627	25.085200
scene	628	25.125200
scene	629	25.165200
scene	630	25.205600
scene	631	25.245600
scene	632	25.285600
scene	633	25.325600
scene	634	25.365600
scene	635	25.405600
scene	636	25.446000
scene	637	25.486000
scene	638	25.526000
scene	639	25.566000
scene	640	25.606000
scene	641	25.646400
scene	642	25.686400
scene	643	25.726400
scene	644	25.766400
scene	645	25.806400
scene	646	25.846400
scene	647	25.886800
scene	648	25.926800
scene	649	25.966800
scene	650	26.006800
scene	651	26.046800
scene	652	26.087200
scene	653	26.127200
scene	654	26.167200
scene	655	26.207200
scene	656	26.247200
scene	657	26.287200
scene	658	26.327600
scene	659	26.367600
scene	660	26.407600
scene	661	26.447600
scene	662	26.487600
scene	663	26.528000
scene	664	26.568000
scene	665	26.608000
scene	666	26.648000
scene	667	26.688000
scene	668	26.728000
scene	669	26.768400
scene	670	26.808400
scene	671	26.848400
scene	672	26.888400
scene	673	26.928400
scene	674	26.968800
scene	675	27.008800
scene	676	27.048800
scene	677	27.088800
scene	678	27.128800
scene	679	27.168800
scene	680	27.209200
scene	681	27.249200
scene	682	27.289200
scene	683	27.329200
scene	684	27.369200
scene	685	27.409600
scene	686	27.449600
scene	687	27.489600
scene	688	27.529600
scene	689	27.569600
scene	690	27.609600
scene	691	27.650000
scene	692	27.690000
scene	693	27.730000
scene	694	27.770000
scene	695	27.810000
scene	696	27.850400
scene	697	27.890400
scene	698	27.930400
scene	699	27.970400
scene	700	28.010400
scene	701	28.050400
scene	702	28.090800
scene	703	28.130800
scene	704	28.170800
scene	705	28.210800
scene	706	28.250800
scene	707	28.291200
scene	708	28.331200
scene	709	28.371200
scene	710	28.411200
scene	711	28.451200
scene	712	28.491200
scene	713	28.531600
scene	714	28.571600
scene	715	28.611600
scene	716	28.651600
scene	717	28.691600
scene	718	28.732000
scene	719	28.772000
scene	720	28.812000
scene	721	28.852000
scene	722	28.892000
scene	723	28.932000
scene	724	28.972400
scene	725	29.012400
scene	726	29.052400
scene	727	29.092400
scene	728	29.132400
scene	729	29.172800
scene	730	29.212800
scene	731	29.252800
scene	732	29.292800
scene	733	29.332800
scene	734	29.372800
scene	735	29.413200
scene	736	29.453200
scene	737	29.493200
scene	738	29.533200
scene	739	29.573200
scene	740	29.613600
scene	741	29.653600
scene	742	29.693600
scene	743	29.733600
scene	744	29.773600
scene	745	29.813600
scene	746	29.854000
scene	747	29.894000
scene	748	29.934000
scene	749	29.974000
scene	750	30.014000
scene	751	30.054400
scene	752	30.094400
scene	753	30.134400
scene	754	30.174400
scene	755	30.214400
scene	756	30.254400
scene	757	30.294800
scene	758	30.334800
scene	759	30.374800
scene	760	30.414800
scene	761	30.454800
scene	762	30.495200
scene	763	30.535200
scene	764	30.575200
scene	765	30.615200
scene	766	30.655200
scene	767	30.695200
scene	768	30.735600
scene	769	30.775600
scene	770	30.815600
scene	771	30.855600
scene	772	30.895600
scene	773	30.936000
scene	774	30.976000
scene	775	31.016000
scene	776	31.056000
scene	777	31.096000
scene	778	31.136000
scene	779	31.176400
scene	780	31.216400
scene	781	31.256400
scene	782	31.296400
scene	783	31.336400
scene	784	31.376400
scene	785	31.416800
scene	786	31.456800
scene	787	31.496800
scene	788	31.536800
scene	789	31.576800
scene	790	31.617200
scene	791	31.657200
scene	792	31.697200
scene	793	31.737200
scene	794	31.777200
scene	795	31.817200
scene	796	31.857600
scene	797	31.897600
scene	798	31.937600
scene	799	31.977600
scene	800	32.017600
scene	801	32.058000
scene	802	32.098000
scene	803	32.138000
scene	804	32.178000
scene	805	32.218000
scene	806	32.258000
scene	807	32.298400
scene	808	32.338400
scene	809	32.378400
scene	810	32.418400
scene	811	32.458400
scene	812	32.498800
scene	813	32.538800
scene	814	32.578800
scene	815	32.618800
scene	816	32.658800
scene	817	32.698800
scene	818	32.739200
scene	819	32.779200
scene	820	32.819200
scene	821	32.859200
scene	822	32.899200
scene	823	32.939600
scene	824	32.979600
scene	825	33.019600
scene	826	33.059600
scene	827	33.099600
scene	828	33.139600
scene	829	33.180000
scene	830	33.220000
scene	831	33.260000
scene	832	33.300000
scene	833	33.340000
scene	834	33.380400
scene	835	33.420400
scene	836	33.460400
scene	837	33.500400
scene	838	33.540400
scene	839	33.580400
scene	840	33.620800
scene	841	33.660800
scene	842	33.700800
scene	843	33.740800
scene	844	33.780800
scene	845	33.821200
scene	846	33.861200
scene	847	33.901200
scene	848	33.941200
scene	849	33.981200
scene	850	34.021200
scene	851	34.061600
scene	852	34.101600
scene	853	34.141600
scene	854	34.181600
scene	855	34.221600
scene	856	34.262000
scene	857	34.302000
scene	858	34.342000
scene	859	34.382000
scene	860	34.422000
scene	861	34.462000
scene	862	34.502400
scene	863	34.542400
scene	864	34.582400
scene	865	34.622400
scene	866	34.662400
scene	867	34.702800
scene	868	34.742800
scene	869	34.782800
scene	870	34.822800
scene	871	34.862800
scene	872	34.902800
scene	873	34.943200
scene	874	34.983200
scene	875	35.023200
scene	876	35.063200
scene	877	35.103200
scene	878	35.143600
scene	879	35.183600
scene	880	35.223600
scene	881	35.263600
scene	882	35.303600
scene	883	35.343600
scene	884	35.384000
scene	885	35.424000
scene	886	35.464000
scene	887	35.504000
scene	888	35.544000
scene	889	35.584400
scene	890	35.624400
scene	891	35.664400
scene	892	35.704400
scene	893	35.744400
scene	894	35.784400
scene	895	35.824800
scene	896	35.864800
scene	897	35.904800
scene	898	35.944800
scene	899	35.984800
scene	900	36.025200
scene	901	36.065200
scene	902	36.105200
scene	903	36.145200
scene	904	36.185200
scene	905	36.225200
scene	906	36.265600
scene	907	36.305600
scene	908	36.345600
scene	909	36.385600
scene	910	36.425600
scene	911	36.466000
scene	912	36.506000
scene	913	36.546000
scene	914	36.586000
scene	915	36.626000
scene	916	36.666000
scene	917	36.706400
scene	918	36.746400
scene	919	36.786400
scene	920	36.826400
scene	921	36.866400
scene	922	36.906800
scene	923	36.946800
scene	924	36.986800
scene	925	37.026800
scene	926	37.066800
scene	927	37.106800
scene	928	37.147200
scene	929	37.187200
scene	930	37.227200
scene	931	37.267200
scene	932	37.307200
scene	933	37.347600
scene	934	37.387600
scene	935	37.427600
scene	936	37.467600
scene	937	37.507600
scene	938	37.547600
scene	939	37.588000
scene	940	37.628000
scene	941	37.668000
scene	942	37.708000
scene	943	37.748000
scene	944	37.788000
scene	945	37.828400
scene	946	37.868400
scene	947	37.908400
scene	948	37.948400
scene	949	37.988400
scene	950	38.028800
scene	951	38.068800
scene	952	38.108800
scene	953	38.148800
scene	954	38.188800
scene	955	38.228800
scene	956	38.269200
scene	957	38.309200
scene	958	38.349200
scene	959	38.389200
scene	960	38.429200
scene	961	38.469600
scene	962	38.509600
scene	963	38.549600
scene	964	38.589600
scene	965	38.629600
scene	966	38.669600
scene	967	38.710000
scene	968	38.750000
scene	969	38.790000
scene	970	38.830000
scene	971	38.870000
scene	972	38.910400
scene	973	38.950400
scene	974	38.990400
scene	975	39.030400
scene	976	39.070400
scene	977	39.110400
scene	978	39.150800
scene	979	39.190800
scene	980	39.230800
scene	981	39.270800
scene	982	39.310800
scene	983	39.351200
scene	984	39.391200
scene	985	39.431200
scene	986	39.471200
scene	987	39.511200
scene	988	39.551200
scene	989	39.591600
scene	990	39.631600
scene	991	39.671600
scene	992	39.711600
scene	993	39.751600
scene	994	39.792000
scene	995	39.832000
scene	996	39.872000
scene	997	39.912000
scene	998	39.952000
scene	999	39.992000
scene	1000	40.032400
scene	1001	40.072400
scene	1002	40.112400
scene	1003	40.152400
scene	1004	40.192400
scene	1005	40.232800
scene	1006	40.272800
scene	1007	40.312800
scene	1008	40.352800
scene	1009	40.392800
scene	1010	40.432800
scene	1011	40.473200
scene	1012	40.513200
scene	1013	40.553200
scene	1014	40.593200
scene	1015	40.633200
scene	1016	40.673600
scene	1017	40.713600
scene	1018	40.753600
scene	1019	40.793600
scene	1020	40.833600
scene	1021	40.873600
scene	1022	40.914000
scene	1023	40.954000
scene	1024	40.994000
scene	1025	41.034000
scene	1026	41.074000
scene	1027	41.114400
scene	1028	41.154400
scene	1029	41.194400
scene	1030	41.234400
scene	1031	41.274400
scene	1032	41.314400
scene	1033	41.354800
scene	1034	41.394800
scene	1035	41.434800
scene	1036	41.474800
scene	1037	41.514800
scene	1038	41.555200
scene	1039	41.595200
scene	1040	41.635200
scene	1041	41.675200
scene	1042	41.715200
scene	1043	41.755200
scene	1044	41.795600
scene	1045	41.835600
scene	1046	41.875600
scene	1047	41.915600
scene	1048	41.955600
scene	1049	41.996000
scene	1050	42.036000
scene	1051	42.076000
scene	1052	42.116000
scene	1053	42.156000
scene	1054	42.196000
scene	1055	42.236400
scene	1056	42.276400
scene	1057	42.316400
scene	1058	42.356400
scene	1059	42.396400
scene	1060	42.436800
scene	1061	42.476800
scene	1062	42.516800
scene	1063	42.556800
scene	1064	42.596800
scene	1065	42.636800
scene	1066	42.677200
scene	1067	42.717200
scene	1068	42.757200
scene	1069	42.797200
scene	1070	42.837200
scene	1071	42.877600
scene	1072	42.917600
scene	1073	42.957600
scene	1074	42.997600
scene	1075	43.037600
scene	1076	43.077600
scene	1077	43.118000
scene	1078	43.158000
scene	1079	43.198000
scene	1080	43.238000
scene	1081	43.278000
scene	1082	43.318400
scene	1083	43.358400
scene	1084	43.398400
scene	1085	43.438400
scene	1086	43.478400
scene	1087	43.518400
scene	1088	43.558800
scene	1089	43.598800
scene	1090	43.638800
scene	1091	43.678800
scene	1092	43.718800
scene	1093	43.759200
scene	1094	43.799200
scene	1095	43.839200
scene	1096	43.879200
scene	1097	43.919200
scene	1098	43.959200
scene	1099	43.999600
scene	1100	44.039600
scene	1101	44.079600
scene	1102	44.119600
scene	1103	44.159600
scene	1104	44.199600
scene	1105	44.240000
scene	1106	44.280000
scene	1107	44.320000
scene	1108	44.360000
scene	1109	44.400000
scene	1110	44.440400
scene	1111	44.480400
scene	1112	44.520400
scene	1113	44.560400
scene	1114	44.600400
scene	1115	44.640400
scene	1116	44.680800
scene	1117	44.720800
scene	1118	44.760800
scene	1119	44.800800
scene	1120	44.840800
scene	1121	44.881200
scene	1122	44.921200
scene	1123	44.961200
scene	1124	45.001200
scene	1125	45.041200
scene	1126	45.081200
scene	1127	45.121600
scene	1128	45.161600
scene	1129	45.201600
scene	1130	45.241600
scene	1131	45.281600
scene	1132	45.322000
scene	1133	45.362000
scene	1134	45.402000
scene	1135	45.442000
scene	1136	45.482000
scene	1137	45.522000
scene	1138	45.562400
scene	1139	45.602400
scene	1140	45.642400
scene	1141	45.682400
scene	1142	45.722400
scene	1143	45.762800
scene	1144	45.802800
scene	1145	45.842800
scene	1146	45.882800
scene	1147	45.922800
scene	1148	45.962800
scene	1149	46.003200
scene	1150	46.043200
scene	1151	46.083200
scene	1152	46.123200
scene	1153	46.163200
scene	1154	46.203600
scene	1155	46.243600
scene	1156	46.283600
scene	1157	46.323600
scene	1158	46.363600
scene	1159	46.403600
scene	1160	46.444000
scene	1161	46.484000
scene	1162	46.524000
scene	1163	46.564000
scene	1164	46.604000
scene	1165	46.644400
scene	1166	46.684400
scene	1167	46.724400
scene	1168	46.764400
scene	1169	46.804400
scene	1170	46.844400
scene	1171	46.884800
scene	1172	46.924800
scene	1173	46.964800
scene	1174	47.004800
scene	1175	47.044800
scene	1176	47.085200
scene	1177	47.125200
scene	1178	47.165200
scene	1179	47.205200
scene	1180	47.245200
scene	1181	47.285200
scene	1182	47.325600
scene	1183	47.365600
scene	1184	47.405600
scene	1185	47.445600
scene	1186	47.485600
scene	1187	47.526000
scene	1188	47.566000
scene	1189	47.606000
scene	1190	47.646000
scene	1191	47.686000
scene	1192	47.726000
scene	1193	47.766400
scene	1194	47.806400
scene	1195	47.846400
scene	1196	47.886400
scene	1197	47.926400
scene	1198	47.966800
scene	1199	48.006800
scene	1200	48.046800
scene	1201	48.086800
scene	1202	48.126800
scene	1203	48.166800
scene	1204	48.207200
scene	1205	48.247200
scene	1206	48.287200
scene	1207	48.327200
scene	1208	48.367200
scene	1209	48.407600
scene	1210	48.447600
scene	1211	48.487600
scene	1212	48.527600
scene	1213	48.567600
scene	1214	48.607600
scene	1215	48.648000
scene	1216	48.688000
scene	1217	48.728000
scene	1218	48.768000
scene	1219	48.808000
scene	1220	48.848400
scene	1221	48.888400
scene	1222	48.928400
scene	1223	48.968400
scene	1224	49.008400
scene	1225	49.048400
scene	1226	49.088800
scene	1227	49.128800
scene	1228	49.168800
scene	1229	49.208800
scene	1230	49.248800
scene	1231	49.289200
scene	1232	49.329200
scene	1233	49.369200
scene	1234	49.409200
scene	1235	49.449200
scene	1236	49.489200
scene	1237	49.529600
scene	1238	49.569600
scene	1239	49.609600
scene	1240	49.649600
scene	1241	49.689600
scene	1242	49.730000
scene	1243	49.770000
scene	1244	49.810000
scene	1245	49.850000
scene	1246	49.890000
scene	1247	49.930000
scene	1248	49.970400
scene	1249	50.010400
scene	1250	50.050400
scene	1251	50.090400
scene	1252	50.130400
scene	1253	50.170800
scene	1254	50.210800
scene	1255	50.250800
scene	1256	50.290800
scene	1257	50.330800
scene	1258	50.370800
scene	1259	50.411200
scene	1260	50.451200
scene	1261	50.491200
scene	1262	50.531200
scene	1263	50.571200
scene	1264	50.611200
scene	1265	50.651600
scene	1266	50.691600
scene	1267	50.731600
scene	1268	50.771600
scene	1269	50.811600
scene	1270	50.852000
scene	1271	50.892000
scene	1272	50.932000
scene	1273	50.972000
scene	1274	51.012000
scene	1275	51.052000
scene	1276	51.092400
scene	1277	51.132400
scene	1278	51.172400
scene	1279	51.212400
scene	1280	51.252400
scene	1281	51.292800
scene	1282	51.332800
scene	1283	51.372800
scene	1284	51.412800
scene	1285	51.452800
scene	1286	51.492800
scene	1287	51.533200
scene	1288	51.573200
scene	1289	51.613200
scene	1290	51.653200
scene	1291	51.693200
scene	1292	51.733600
scene	1293	51.773600
scene	1294	51.813600
scene	1295	51.853600
scene	1296	51.893600
scene	1297	51.933600
scene	1298	51.974000
scene	1299	52.014000
scene	1300	52.054000
scene	1301	52.094000
scene	1302	52.134000
scene	1303	52.174400
scene	1304	52.214400
scene	1305	52.254400
scene	1306	52.294400
scene	1307	52.334400
scene	1308	52.374400
scene	1309	52.414800
scene	1310	52.454800
scene	1311	52.494800
scene	1312	52.534800
scene	1313	52.574800
scene	1314	52.615200
scene	1315	52.655200
scene	1316	52.695200
scene	1317	52.735200
scene	1318	52.775200
scene	1319	52.815200
scene	1320	52.855600
scene	1321	52.895600
scene	1322	52.935600
scene	1323	52.975600
scene	1324	53.015600
scene	1325	53.056000
scene	1326	53.096000
scene	1327	53.136000
scene	1328	53.176000
scene	1329	53.216000
scene	1330	53.256000
scene	1331	53.296400
scene	1332	53.336400
scene	1333	53.376400
scene	1334	53.416400
scene	1335	53.456400
scene	1336	53.496800
scene	1337	53.536800
scene	1338	53.576800
scene	1339	53.616800
scene	1340	53.656800
scene	1341	53.696800
scene	1342	53.737200
scene	1343	53.777200
scene	1344	53.817200
scene	1345	53.857200
scene	1346	53.897200
scene	1347	53.937600
scene	1348	53.977600
scene	1349	54.017600
scene	1350	54.057600
scene	1351	54.097600
scene	1352	54.137600
scene	1353	54.178000
scene	1354	54.218000
scene	1355	54.258000
scene	1356	54.298000
scene	1357	54.338000
scene	1358	54.378400
scene	1359	54.418400
scene	1360	54.458400
scene	1361	54.498400
scene	1362	54.538400
scene	1363	54.578400
scene	1364	54.618800
scene	1365	54.658800
scene	1366	54.698800
scene	1367	54.738800
scene	1368	54.778800
scene	1369	54.819200
scene	1370	54.859200
scene	1371	54.899200
scene	1372	54.939200
scene	1373	54.979200
scene	1374	55.019200
scene	1375	55.059600
scene	1376	55.099600
scene	1377	55.139600
scene	1378	55.179600
scene	1379	55.219600
scene	1380	55.260000
scene	1381	55.300000
scene	1382	55.340000
scene	1383	55.380000
scene	1384	55.420000
scene	1385	55.460000
scene	1386	55.500400
scene	1387	55.540400
scene	1388	55.580400
scene	1389	55.620400
scene	1390	55.660400
scene	1391	55.700800
scene	1392	55.740800
scene	1393	55.780800
scene	1394	55.820800
scene	1395	55.860800
scene	1396	55.900800
scene	1397	55.941200
scene	1398	55.981200
scene	1399	56.021200
scene	1400	56.061200
scene	1401	56.101200
scene	1402	56.141600
scene	1403	56.181600
scene	1404	56.221600
scene	1405	56.261600
scene	1406	56.301600
scene	1407	56.341600
scene	1408	56.382000
scene	1409	56.422000
scene	1410	56.462000
scene	1411	56.502000
scene	1412	56.542000
scene	1413	56.582400
scene	1414	56.622400
scene	1415	56.662400
scene	1416	56.702400
scene	1417	56.742400
scene	1418	56.782400
scene	1419	56.822800
scene	1420	56.862800
scene	1421	56.902800
scene	1422	56.942800
scene	1423	56.982800
scene	1424	57.022800
scene	1425	57.063200
scene	1426	57.103200
scene	1427	57.143200
scene	1428	57.183200
scene	1429	57.223200
scene	1430	57.263600
scene	1431	57.303600
scene	1432	57.343600
scene	1433	57.383600
scene	1434	57.423600
scene	1435	57.463600
scene	1436	57.504000
scene	1437	57.544000
scene	1438	57.584000
scene	1439	57.624000
scene	1440	57.664000
scene	1441	57.704400
scene	1442	57.744400
scene	1443	57.784400
scene	1444	57.824400
scene	1445	57.864400
scene	1446	57.904400
scene	1447	57.944800
scene	1448	57.984800
scene	1449	58.024800
scene	1450	58.064800
scene	1451	58.104800
scene	1452	58.145200
scene	1453	58.185200
scene	1454	58.225200
scene	1455	58.265200
scene	1456	58.305200
scene	1457	58.345200
scene	1458	58.385600
scene	1459	58.425600
scene	1460	58.465600
scene	1461	58.505600
scene	1462	58.545600
scene	1463	58.586000
scene	1464	58.626000
scene	1465	58.666000
scene	1466	58.706000
scene	1467	58.746000
scene	1468	58.786000
scene	1469	58.826400
scene	1470	58.866400
scene	1471	58.906400
scene	1472	58.946400
scene	1473	58.986400
scene	1474	59.026800
scene	1475	59.066800
scene	1476	59.106800
scene	1477	59.146800
scene	1478	59.186800
scene	1479	59.226800
scene	1480	59.267200
scene	1481	59.307200
scene	1482	59.347200
scene	1483	59.387200
scene	1484	59.427200
scene	1485	59.467600
scene	1486	59.507600
scene	1487	59.547600
scene	1488	59.587600
scene	1489	59.627600
scene	1490	59.667600
scene	1491	59.708000
scene	1492	59.748000
scene	1493	59.788000
scene	1494	59.828000
scene	1495	59.868000
scene	1496	59.908400
scene	1497	59.948400
scene	1498	59.988400
scene	1499	60.028400
scene	1500	60.068400
scene	1501	60.108400
scene	1502	60.148800
scene	1503	60.188800
scene	1504	60.228800
scene	1505	60.268800
scene	1506	60.308800
scene	1507	60.349200
scene	1508	60.389200
scene	1509	60.429200
scene	1510	60.469200
scene	1511	60.509200
scene	1512	60.549200
scene	1513	60.589600
scene	1514	60.629600
scene	1515	60.669600
scene	1516	60.709600
scene	1517	60.749600
scene	1518	60.790000
scene	1519	60.830000
scene	1520	60.870000
scene	1521	60.910000
scene	1522	60.950000
scene	1523	60.990000
scene	1524	61.030400
scene	1525	61.070400
scene	1526	61.110400
scene	1527	61.150400
scene	1528	61.190400
scene	1529	61.230800
scene	1530	61.270800
scene	1531	61.310800
scene	1532	61.350800
scene	1533	61.390800
scene	1534	61.430800
scene	1535	61.471200
scene	1536	61.511200
scene	1537	61.551200
scene	1538	61.591200
scene	1539	61.631200
scene	1540	61.671600
scene	1541	61.711600
scene	1542	61.751600
scene	1543	61.791600
scene	1544	61.831600
scene	1545	61.871600
scene	1546	61.912000
scene	1547	61.952000
scene	1548	61.992000
scene	1549	62.032000
scene	1550	62.072000
scene	1551	62.112400
scene	1552	62.152400
scene	1553	62.192400
scene	1554	62.232400
scene	1555	62.272400
scene	1556	62.312400
scene	1557	62.352800
scene	1558	62.392800
scene	1559	62.432800
scene	1560	62.472800
scene	1561	62.512800
scene	1562	62.553200
scene	1563	62.593200
scene	1564	62.633200
scene	1565	62.673200
scene	1566	62.713200
scene	1567	62.753200
scene	1568	62.793600
scene	1569	62.833600
scene	1570	62.873600
scene	1571	62.913600
scene	1572	62.953600
scene	1573	62.994000
scene	1574	63.034000
scene	1575	63.074000
scene	1576	63.114000
scene	1577	63.154000
scene	1578	63.194000
scene	1579	63.234400
scene	1580	63.274400
scene	1581	63.314400
scene	1582	63.354400
scene	1583	63.394400
scene	1584	63.434400
scene	1585	63.474800
scene	1586	63.514800
scene	1587	63.554800
scene	1588	63.594800
scene	1589	63.634800
scene	1590	63.675200
scene	1591	63.715200
scene	1592	63.755200
scene	1593	63.795200
scene	1594	63.835200
scene	1595	63.875200
scene	1596	63.915600
scene	1597	63.955600
scene	1598	63.995600
scene	1599	64.035600
scene	1600	64.075600
scene	1601	64.116000
scene	1602	64.156000
scene	1603	64.196000
scene	1604	64.236000
scene	1605	64.276000
scene	1606	64.316000
scene	1607	64.356400
scene	1608	64.396400
scene	1609	64.436400
scene	1610	64.476400
scene	1611	64.516400
scene	1612	64.556800
scene	1613	64.596800
scene	1614	64.636800
scene	1615	64.676800
scene	1616	64.716800
scene	1617	64.756800
scene	1618	64.797200
scene	1619	64.837200
scene	1620	64.877200
scene	1621	64.917200
scene	1622	64.957200
scene	1623	64.997600
scene	1624	65.037600
scene	1625	65.077600
scene	1626	65.117600
scene	1627	65.157600
scene	1628	65.197600
scene	1629	65.238000
scene	1630	65.278000
scene	1631	65.318000
scene	1632	65.358000
scene	1633	65.398000
scene	1634	65.438400
scene	1635	65.478400
scene	1636	65.518400
scene	1637	65.558400
scene	1638	65.598400
scene	1639	65.638400
scene	1640	65.678800
scene	1641	65.718800
scene	1642	65.758800
scene	1643	65.798800
scene	1644	65.838800
scene	1645	65.879200
scene	1646	65.919200
scene	1647	65.959200
scene	1648	65.999200
scene	1649	66.039200
scene	1650	66.079200
scene	1651	66.119600
scene	1652	66.159600
scene	1653	66.199600
scene	1654	66.239600
scene	1655	66.279600
scene	1656	66.320000
scene	1657	66.360000
scene	1658	66.400000
scene	1659	66.440000
scene	1660	66.480000
scene	1661	66.520000
scene	1662	66.560400
scene	1663	66.600400
scene	1664	66.640400
scene	1665	66.680400
scene	1666	66.720400
scene	1667	66.760800
scene	1668	66.800800
scene	1669	66.840800
scene	1670	66.880800
scene	1671	66.920800
scene	1672	66.960800
scene	1673	67.001200
scene	1674	67.041200
scene	1675	67.081200
scene	1676	67.121200
scene	1677	67.161200
scene	1678	67.201600
scene	1679	67.241600
scene	1680	67.281600
scene	1681	67.321600
scene	1682	67.361600
scene	1683	67.401600
scene	1684	67.442000
scene	1685	67.482000
scene	1686	67.522000
scene	1687	67.562000
scene	1688	67.602000
scene	1689	67.642400
scene	1690	67.682400
scene	1691	67.722400
scene	1692	67.762400
scene	1693	67.802400
scene	1694	67.842400
scene	1695	67.882800
scene	1696	67.922800
scene	1697	67.962800
scene	1698	68.002800
scene	1699	68.042800
scene	1700	68.083200
scene	1701	68.123200
scene	1702	68.163200
scene	1703	68.203200
scene	1704	68.243200
scene	1705	68.283200
scene	1706	68.323600
scene	1707	68.363600
scene	1708	68.403600
scene	1709	68.443600
scene	1710	68.483600
scene	1711	68.524000
scene	1712	68.564000
scene	1713	68.604000
scene	1714	68.644000
scene	1715	68.684000
scene	1716	68.724000
scene	1717	68.764400
scene	1718	68.804400
scene	1719	68.844400
scene	1720	68.884400
scene	1721	68.924400
scene	1722	68.964800
scene	1723	69.004800
scene	1724	69.044800
scene	1725	69.084800
scene	1726	69.124800
scene	1727	69.164800
scene	1728	69.205200
scene	1729	69.245200
scene	1730	69.285200
scene	1731	69.325200
scene	1732	69.365200
scene	1733	69.405600
scene	1734	69.445600
scene	1735	69.485600
scene	1736	69.525600
scene	1737	69.565600
scene	1738	69.605600
scene	1739	69.646000
scene	1740	69.686000
scene	1741	69.726000
scene	1742	69.766000
scene	1743	69.806000
scene	1744	69.846000
scene	1745	69.886400
scene	1746	69.926400
scene	1747	69.966400
scene	1748	70.006400
scene	1749	70.046400
scene	1750	70.086800
scene	1751	70.126800
scene	1752	70.166800
scene	1753	70.206800
scene	1754	70.246800
scene	1755	70.286800
scene	1756	70.327200
scene	1757	70.367200
scene	1758	70.407200
scene	1759	70.447200
scene	1760	70.487200
scene	1761	70.527600
scene	1762	70.567600
scene	1763	70.607600
scene	1764	70.647600
scene	1765	70.687600
scene	1766	70.727600
scene	1767	70.768000
scene	1768	70.808000
scene	1769	70.848000
scene	1770	70.888000
scene	1771	70.928000
scene	1772	70.968400
scene	1773	71.008400
scene	1774	71.048400
scene	1775	71.088400
scene	1776	71.128400
scene	1777	71.168400
scene	1778	71.208800
scene	1779	71.248800
scene	1780	71.288800
scene	1781	71.328800
scene	1782	71.368800
scene	1783	71.409200
scene	1784	71.449200
scene	1785	71.489200
scene	1786	71.529200
scene	1787	71.569200
scene	1788	71.609200
scene	1789	71.649600
scene	1790	71.689600
scene	1791	71.729600
scene	1792	71.769600
scene	1793	71.809600
scene	1794	71.850000
scene	1795	71.890000
scene	1796	71.930000
scene	1797	71.970000
scene	1798	72.010000
scene	1799	72.050000
scene	1800	72.090400
scene	1801	72.130400
scene	1802	72.170400
scene	1803	72.210400
scene	1804	72.250400
scene	1805	72.290800
scene	1806	72.330800
scene	1807	72.370800
scene	1808	72.410800
scene	1809	72.450800
scene	1810	72.490800
scene	1811	72.531200
scene	1812	72.571200
scene	1813	72.611200
scene	1814	72.651200
scene	1815	72.691200
scene	1816	72.731600
scene	1817	72.771600
scene	1818	72.811600
scene	1819	72.851600
scene	1820	72.891600
scene	1821	72.931600
scene	1822	72.972000
scene	1823	73.012000
scene	1824	73.052000
scene	1825	73.092000
scene	1826	73.132000
scene	1827	73.172400
scene	1828	73.212400
scene	1829	73.252400
scene	1830	73.292400
scene	1831	73.332400
scene	1832	73.372400
scene	1833	73.412800
scene	1834	73.452800
scene	1835	73.492800
scene	1836	73.532800
scene	1837	73.572800
scene	1838	73.613200
scene	1839	73.653200
scene	1840	73.693200
scene	1841	73.733200
scene	1842	73.773200
scene	1843	73.813200
scene	1844	73.853600
scene	1845	73.893600
scene	1846	73.933600
scene	1847	73.973600
scene	1848	74.013600
scene	1849	74.054000
scene	1850	74.094000
scene	1851	74.134000
scene	1852	74.174000
scene	1853	74.214000
scene	1854	74.254000
scene	1855	74.294400
scene	1856	74.334400
scene	1857	74.374400
scene	1858	74.414400
scene	1859	74.454400
scene	1860	74.494800
scene	1861	74.534800
scene	1862	74.574800
scene	1863	74.614800
scene	1864	74.654800
scene	1865	74.694800
scene	1866	74.735200
scene	1867	74.775200
scene	1868	74.815200
scene	1869	74.855200
scene	1870	74.895200
scene	1871	74.935600
scene	1872	74.975600
scene	1873	75.015600
scene	1874	75.055600
scene	1875	75.095600
scene	1876	75.135600
scene	1877	75.176000
scene	1878	75.216000
scene	1879	75.256000
scene	1880	75.296000
scene	1881	75.336000
scene	1882	75.376400
scene	1883	75.416400
scene	1884	75.456400
scene	1885	75.496400
scene	1886	75.536400
scene	1887	75.576400
scene	1888	75.616800
scene	1889	75.656800
scene	1890	75.696800
scene	1891	75.736800
scene	1892	75.776800
scene	1893	75.817200
scene	1894	75.857200
scene	1895	75.897200
scene	1896	75.937200
scene	1897	75.977200
scene	1898	76.017200
scene	1899	76.057600
scene	1900	76.097600
scene	1901	76.137600
scene	1902	76.177600
scene	1903	76.217600
scene	1904	76.257600
scene	1905	76.298000
scene	1906	76.338000
scene	1907	76.378000
scene	1908	76.418000
scene	1909	76.458000
scene	1910	76.498400
scene	1911	76.538400
scene	1912	76.578400
scene	1913	76.618400
scene	1914	76.658400
scene	1915	76.698400
scene	1916	76.738800
scene	1917	76.778800
scene	1918	76.818800
scene	1919	76.858800
scene	1920	76.898800
scene	1921	76.939200
scene	1922	76.979200
scene	1923	77.019200
scene	1924	77.059200
scene	1925	77.099200
scene	1926	77.139200
scene	1927	77.179600
scene	1928	77.219600
scene	1929	77.259600
scene	1930	77.299600
scene	1931	77.339600
scene	1932	77.380000
scene	1933	77.420000
scene	1934	77.460000
scene	1935	77.500000
scene	1936	77.540000
scene	1937	77.580000
scene	1938	77.620400
scene	1939	77.660400
scene	1940	77.700400
scene	1941	77.740400
scene	1942	77.780400
scene	1943	77.820800
scene	1944	77.860800
scene	1945	77.900800
scene	1946	77.940800
scene	1947	77.980800
scene	1948	78.020800
scene	1949	78.061200
scene	1950	78.101200
scene	1951	78.141200
scene	1952	78.181200
scene	1953	78.221200
scene	1954	78.261600
scene	1955	78.301600
scene	1956	78.341600
scene	1957	78.381600
scene	1958	78.421600
scene	1959	78.461600
scene	1960	78.502000
scene	1961	78.542000
scene	1962	78.582000
scene	1963	78.622000
scene	1964	78.662000
scene	1965	78.702400
scene	1966	78.742400
scene	1967	78.782400
scene	1968	78.822400
scene	1969	78.862400
scene	1970	78.902400
scene	1971	78.942800
scene	1972	78.982800
scene	1973	79.022800
scene	1974	79.062800
scene	1975	79.102800
scene	1976	79.143200
scene	1977	79.183200
scene	1978	79.223200
scene	1979	79.263200
scene	1980	79.303200
scene	1981	79.343200
scene	1982	79.383600
scene	1983	79.423600
scene	1984	79.463600
scene	1985	79.503600
scene	1986	79.543600
scene	1987	79.584000
scene	1988	79.624000
scene	1989	79.664000
scene	1990	79.704000
scene	1991	79.744000
scene	1992	79.784000
scene	1993	79.824400
scene	1994	79.864400
scene	1995	79.904400
scene	1996	79.944400
scene	1997	79.984400
scene	1998	80.024800
scene	1999	80.064800
scene	2000	80.104800
scene	2001	80.144800
scene	2002	80.184800
scene	2003	80.224800
scene	2004	80.265200
scene	2005	80.305200
scene	2006	80.345200
scene	2007	80.385200
scene	2008	80.425200
scene	2009	80.465600
scene	2010	80.505600
scene	2011	80.545600
scene	2012	80.585600
scene	2013	80.625600
scene	2014	80.665600
scene	2015	80.706000
scene	2016	80.746000
scene	2017	80.786000
scene	2018	80.826000
scene	2019	80.866000
scene	2020	80.906400
scene	2021	80.946400
scene	2022	80.986400
scene	2023	81.026400
scene	2024	81.066400
scene	2025	81.106400
scene	2026	81.146800
scene	2027	81.186800
scene	2028	81.226800
scene	2029	81.266800
scene	2030	81.306800
scene	2031	81.347200
scene	2032	81.387200
scene	2033	81.427200
scene	2034	81.467200
scene	2035	81.507200
scene	2036	81.547200
scene	2037	81.587600
scene	2038	81.627600
scene	2039	81.667600
scene	2040	81.707600
scene	2041	81.747600
scene	2042	81.788000
scene	2043	81.828000
scene	2044	81.868000
scene	2045	81.908000
scene	2046	81.948000
scene	2047	81.988000
scene	2048	82.028400
scene	2049	82.068400
scene	2050	82.108400
scene	2051	82.148400
scene	2052	82.188400
scene	2053	82.228800
scene	2054	82.268800
scene	2055	82.308800
scene	2056	82.348800
scene	2057	82.388800
scene	2058	82.428800
scene	2059	82.469200
scene	2060	82.509200
scene	2061	82.549200
scene	2062	82.589200
scene	2063	82.629200
scene	2064	82.669200
scene	2065	82.709600
scene	2066	82.749600
scene	2067	82.789600
scene	2068	82.829600
scene	2069	82.869600
scene	2070	82.910000
scene	2071	82.950000
scene	2072	82.990000
scene	2073	83.030000
scene	2074	83.070000
scene	2075	83.110000
scene	2076	83.150400
scene	2077	83.190400
scene	2078	83.230400
scene	2079	83.270400
scene	2080	83.310400
scene	2081	83.350800
scene	2082	83.390800
scene	2083	83.430800
scene	2084	83.470800
scene	2085	83.510800
scene	2086	83.550800
scene	2087	83.591200
scene	2088	83.631200
scene	2089	83.671200
scene	2090	83.711200
scene	2091	83.751200
scene	2092	83.791600
scene	2093	83.831600
scene	2094	83.871600
scene	2095	83.911600
scene	2096	83.951600
scene	2097	83.991600
scene	2098	84.032000
scene	2099	84.072000
scene	2100	84.112000
scene	2101	84.152000
scene	2102	84.192000
scene	2103	84.232400
scene	2104	84.272400
scene	2105	84.312400
scene	2106	84.352400
scene	2107	84.392400
scene	2108	84.432400
scene	2109	84.472800
scene	2110	84.512800
scene	2111	84.552800
scene	2112	84.592800
scene	2113	84.632800
scene	2114	84.673200
scene	2115	84.713200
scene	2116	84.753200
scene	2117	84.793200
scene	2118	84.833200
scene	2119	84.873200
scene	2120	84.913600
scene	2121	84.953600
scene	2122	84.993600
scene	2123	85.033600
scene	2124	85.073600
scene	2125	85.114000
scene	2126	85.154000
scene	2127	85.194000
scene	2128	85.234000
scene	2129	85.274000
scene	2130	85.314000
scene	2131	85.354400
scene	2132	85.394400
scene	2133	85.434400
scene	2134	85.474400
scene	2135	85.514400
scene	2136	85.554800
scene	2137	85.594800
scene	2138	85.634800
scene	2139	85.674800
scene	2140	85.714800
scene	2141	85.754800
scene	2142	85.795200
scene	2143	85.835200
scene	2144	85.875200
scene	2145	85.915200
scene	2146	85.955200
scene	2147	85.995600
scene	2148	86.035600
scene	2149	86.075600
scene	2150	86.115600
scene	2151	86.155600
scene	2152	86.195600
scene	2153	86.236000
scene	2154	86.276000
scene	2155	86.316000
scene	2156	86.356000
scene	2157	86.396000
scene	2158	86.436400
scene	2159	86.476400
scene	2160	86.516400
scene	2161	86.556400
scene	2162	86.596400
scene	2163	86.636400
scene	2164	86.676800
scene	2165	86.716800
scene	2166	86.756800
scene	2167	86.796800
scene	2168	86.836800
scene	2169	86.877200
scene	2170	86.917200
scene	2171	86.957200
scene	2172	86.997200
scene	2173	87.037200
scene	2174	87.077200
scene	2175	87.117600
scene	2176	87.157600
scene	2177	87.197600
scene	2178	87.237600
scene	2179	87.277600
scene	2180	87.318000
scene	2181	87.358000
scene	2182	87.398000
scene	2183	87.438000
scene	2184	87.478000
scene	2185	87.518000
scene	2186	87.558400
scene	2187	87.598400
scene	2188	87.638400
scene	2189	87.678400
scene	2190	87.718400
scene	2191	87.758800
scene	2192	87.798800
scene	2193	87.838800
scene	2194	87.878800
scene	2195	87.918800
scene	2196	87.958800
scene	2197	87.999200
scene	2198	88.039200
scene	2199	88.079200
scene	2200	88.119200
scene	2201	88.159200
scene	2202	88.199600
scene	2203	88.239600
scene	2204	88.279600
scene	2205	88.319600
scene	2206	88.359600
scene	2207	88.399600
scene	2208	88.440000
scene	2209	88.480000
scene	2210	88.520000
scene	2211	88.560000
scene	2212	88.600000
scene	2213	88.640400
scene	2214	88.680400
scene	2215	88.720400
scene	2216	88.760400
scene	2217	88.800400
scene	2218	88.840400
scene	2219	88.880800
scene	2220	88.920800
scene	2221	88.960800
scene	2222	89.000800
scene	2223	89.040800
scene	2224	89.080800
scene	2225	89.121200
scene	2226	89.161200
scene	2227	89.201200
scene	2228	89.241200
scene	2229	89.281200
scene	2230	89.321600
scene	2231	89.361600
scene	2232	89.401600
scene	2233	89.441600
scene	2234	89.481600
scene	2235	89.521600
scene	2236	89.562000
scene	2237	89.602000
scene	2238	89.642000
scene	2239	89.682000
scene	2240	89.722000
scene	2241	89.762400
scene	2242	89.802400
scene	2243	89.842400
scene	2244	89.882400
scene	2245	89.922400
scene	2246	89.962400
scene	2247	90.002800
scene	2248	90.042800
scene	2249	90.082800
scene	2250	90.122800
scene	2251	90.162800
scene	2252	90.203200
scene	2253	90.243200
scene	2254	90.283200
scene	2255	90.323200
scene	2256	90.363200
scene	2257	90.403200
scene	2258	90.443600
scene	2259	90.483600
scene	2260	90.523600
scene	2261	90.563600
scene	2262	90.603600
scene	2263	90.644000
scene	2264	90.684000
scene	2265	90.724000
scene	2266	90.764000
scene	2267	90.804000
scene	2268	90.844000
scene	2269	90.884400
scene	2270	90.924400
scene	2271	90.964400
scene	2272	91.004400
scene	2273	91.044400
scene	2274	91.084800
scene	2275	91.124800
scene	2276	91.164800
scene	2277	91.204800
scene	2278	91.244800
scene	2279	91.284800
scene	2280	91.325200
scene	2281	91.365200
scene	2282	91.405200
scene	2283	91.445200
scene	2284	91.485200
scene	2285	91.525600
scene	2286	91.565600
scene	2287	91.605600
scene	2288	91.645600
scene	2289	91.685600
scene	2290	91.725600
scene	2291	91.766000
scene	2292	91.806000
scene	2293	91.846000
scene	2294	91.886000
scene	2295	91.926000
scene	2296	91.966400
scene	2297	92.006400
scene	2298	92.046400
scene	2299	92.086400
scene	2300	92.126400
scene	2301	92.166400
scene	2302	92.206800
scene	2303	92.246800
scene	2304	92.286800
scene	2305	92.326800
scene	2306	92.366800
scene	2307	92.407200
scene	2308	92.447200
scene	2309	92.487200
scene	2310	92.527200
scene	2311	92.567200
scene	2312	92.607200
scene	2313	92.647600
scene	2314	92.687600
scene	2315	92.727600
scene	2316	92.767600
scene	2317	92.807600
scene	2318	92.848000
scene	2319	92.888000
scene	2320	92.928000
scene	2321	92.968000
scene	2322	93.008000
scene	2323	93.048000
scene	2324	93.088400
scene	2325	93.128400
scene	2326	93.168400
scene	2327	93.208400
scene	2328	93.248400
scene	2329	93.288800
scene	2330	93.328800
scene	2331	93.368800
scene	2332	93.408800
scene	2333	93.448800
scene	2334	93.488800
scene	2335	93.529200
scene	2336	93.569200
scene	2337	93.609200
scene	2338	93.649200
scene	2339	93.689200
scene	2340	93.729600
scene	2341	93.769600
scene	2342	93.809600
scene	2343	93.849600
scene	2344	93.889600
scene	2345	93.929600
scene	2346	93.970000
scene	2347	94.010000
scene	2348	94.050000
scene	2349	94.090000
scene	2350	94.130000
scene	2351	94.170400
scene	2352	94.210400
scene	2353	94.250400
scene	2354	94.290400
scene	2355	94.330400
scene	2356	94.370400
scene	2357	94.410800
scene	2358	94.450800
scene	2359	94.490800
scene	2360	94.530800
scene	2361	94.570800
scene	2362	94.611200
scene	2363	94.651200
scene	2364	94.691200
scene	2365	94.731200
scene	2366	94.771200
scene	2367	94.811200
scene	2368	94.851600
scene	2369	94.891600
scene	2370	94.931600
scene	2371	94.971600
scene	2372	95.011600
scene	2373	95.052000
scene	2374	95.092000
scene	2375	95.132000
scene	2376	95.172000
scene	2377	95.212000
scene	2378	95.252000
scene	2379	95.292400
scene	2380	95.332400
scene	2381	95.372400
scene	2382	95.412400
scene	2383	95.452400
scene	2384	95.492400
scene	2385	95.532800
scene	2386	95.572800
scene	2387	95.612800
scene	2388	95.652800
scene	2389	95.692800
scene	2390	95.733200
scene	2391	95.773200
scene	2392	95.813200
scene	2393	95.853200
scene	2394	95.893200
scene	2395	95.933200
scene	2396	95.973600
scene	2397	96.013600
scene	2398	96.053600
scene	2399	96.093600
scene	2400	96.133600
scene	2401	96.174000
scene	2402	96.214000
scene	2403	96.254000
scene	2404	96.294000
scene	2405	96.334000
scene	2406	96.374000
scene	2407	96.414400
scene	2408	96.454400
scene	2409	96.494400
scene	2410	96.534400
scene	2411	96.574400
scene	2412	96.614800
scene	2413	96.654800
scene	2414	96.694800
scene	2415	96.734800
scene	2416	96.774800
scene	2417	96.814800
scene	2418	96.855200
scene	2419	96.895200
scene	2420	96.935200
scene	2421	96.975200
scene	2422	97.015200
scene	2423	97.055600
scene	2424	97.095600
scene	2425	97.135600
scene	2426	97.175600
scene	2427	97.215600
scene	2428	97.255600
scene	2429	97.296000
scene	2430	97.336000
scene	2431	97.376000
scene	2432	97.416000
scene	2433	97.456000
scene	2434	97.496400
scene	2435	97.536400
scene	2436	97.576400
scene	2437	97.616400
scene	2438	97.656400
scene	2439	97.696400
scene	2440	97.736800
scene	2441	97.776800
scene	2442	97.816800
scene	2443	97.856800
scene	2444	97.896800
scene	2445	97.937200
scene	2446	97.977200
scene	2447	98.017200
scene	2448	98.057200
scene	2449	98.097200
scene	2450	98.137200
scene	2451	98.177600
scene	2452	98.217600
scene	2453	98.257600
scene	2454	98.297600
scene	2455	98.337600
scene	2456	98.378000
scene	2457	98.418000
scene	2458	98.458000
scene	2459	98.498000
scene	2460	98.538000
scene	2461	98.578000
scene	2462	98.618400
scene	2463	98.658400
scene	2464	98.698400
scene	2465	98.738400
scene	2466	98.778400
scene	2467	98.818800
scene	2468	98.858800
scene	2469	98.898800
scene	2470	98.938800
scene	2471	98.978800
scene	2472	99.018800
scene	2473	99.059200
scene	2474	99.099200
scene	2475	99.139200
scene	2476	99.179200
scene	2477	99.219200
scene	2478	99.259600
scene	2479	99.299600
scene	2480	99.339600
scene	2481	99.379600
scene	2482	99.419600
scene	2483	99.459600
scene	2484	99.500000
scene	2485	99.540000
scene	2486	99.580000
scene	2487	99.620000
scene	2488	99.660000
scene	2489	99.700400
scene	2490	99.740400
scene	2491	99.780400
scene	2492	99.820400
scene	2493	99.860400
scene	2494	99.900400
scene	2495	99.940800
scene	2496	99.980800
scene	2497	100.020800
scene	2498	100.060800
scene	2499	100.100800
scene	2500	100.141200
scene	2501	100.181200
scene	2502	100.221200
scene	2503	100.261200
scene	2504	100.301200
scene	2505	100.341200
scene	2506	100.381600
scene	2507	100.421600
scene	2508	100.461600
scene	2509	100.501600
scene	2510	100.541600
scene	2511	100.582000
scene	2512	100.622000
scene	2513	100.662000
scene	2514	100.702000
scene	2515	100.742000
scene	2516	100.782000
scene	2517	100.822400
scene	2518	100.862400
scene	2519	100.902400
scene	2520	100.942400
scene	2521	100.982400
scene	2522	101.022800
scene	2523	101.062800
scene	2524	101.102800
scene	2525	101.142800
scene	2526	101.182800
scene	2527	101.222800
scene	2528	101.263200
scene	2529	101.303200
scene	2530	101.343200
scene	2531	101.383200
scene	2532	101.423200
scene	2533	101.463600
scene	2534	101.503600
scene	2535	101.543600
scene	2536	101.583600
scene	2537	101.623600
scene	2538	101.663600
scene	2539	101.704000
scene	2540	101.744000
scene	2541	101.784000
scene	2542	101.824000
scene	2543	101.864000
scene	2544	101.904000
scene	2545	101.944400
scene	2546	101.984400
scene	2547	102.024400
scene	2548	102.064400
scene	2549	102.104400
scene	2550	102.144800
scene	2551	102.184800
scene	2552	102.224800
scene	2553	102.264800
scene	2554	102.304800
scene	2555	102.344800
scene	2556	102.385200
scene	2557	102.425200
scene	2558	102.465200
scene	2559	102.505200
scene	2560	102.545200
scene	2561	102.585600
scene	2562	102.625600
scene	2563	102.665600
scene	2564	102.705600
scene	2565	102.745600
scene	2566	102.785600
scene	2567	102.826000
scene	2568	102.866000
scene	2569	102.906000
scene	2570	102.946000
scene	2571	102.986000
scene	2572	103.026400
scene	2573	103.066400
scene	2574	103.106400
scene	2575	103.146400
scene	2576	103.186400
scene	2577	103.226400
scene	2578	103.266800
scene	2579	103.306800
scene	2580	103.346800
scene	2581	103.386800
scene	2582	103.426800
scene	2583	103.467200
scene	2584	103.507200
scene	2585	103.547200
scene	2586	103.587200
scene	2587	103.627200
scene	2588	103.667200
scene	2589	103.707600
scene	2590	103.747600
scene	2591	103.787600
scene	2592	103.827600
scene	2593	103.867600
scene	2594	103.908000
scene	2595	103.948000
scene	2596	103.988000
scene	2597	104.028000
scene	2598	104.068000
scene	2599	104.108000
scene	2600	104.148400
scene	2601	104.188400
scene	2602	104.228400
scene	2603	104.268400
scene	2604	104.308400
scene	2605	104.348800
scene	2606	104.388800
scene	2607	104.428800
scene	2608	104.468800
scene	2609	104.508800
scene	2610	104.548800
scene	2611	104.589200
scene	2612	104.629200
scene	2613	104.669200
scene	2614	104.709200
scene	2615	104.749200
scene	2616	104.789600
scene	2617	104.829600
scene	2618	104.869600
scene	2619	104.909600
scene	2620	104.949600
scene	2621	104.989600
scene	2622	105.030000
scene	2623	105.070000
scene	2624	105.110000
scene	2625	105.150000
scene	2626	105.190000
scene	2627	105.230400
scene	2628	105.270400
scene	2629	105.310400
scene	2630	105.350400
scene	2631	105.390400
scene	2632	105.430400
scene	2633	105.470800
scene	2634	105.510800
scene	2635	105.550800
scene	2636	105.590800
scene	2637	105.630800
scene	2638	105.671200
scene	2639	105.711200
scene	2640	105.751200
scene	2641	105.791200
scene	2642	105.831200
scene	2643	105.871200
scene	2644	105.911600
scene	2645	105.951600
scene	2646	105.991600
scene	2647	106.031600
scene	2648	106.071600
scene	2649	106.112000
scene	2650	106.152000
scene	2651	106.192000
scene	2652	106.232000
scene	2653	106.272000
scene	2654	106.312000
scene	2655	106.352400
scene	2656	106.392400
scene	2657	106.432400
scene	2658	106.472400
scene	2659	106.512400
scene	2660	106.552800
scene	2661	106.592800
scene	2662	106.632800
scene	2663	106.672800
scene	2664	106.712800
scene	2665	106.752800
scene	2666	106.793200
scene	2667	106.833200
scene	2668	106.873200
scene	2669	106.913200
scene	2670	106.953200
scene	2671	106.993600
scene	2672	107.033600
scene	2673	107.073600
scene	2674	107.113600
scene	2675	107.153600
scene	2676	107.193600
scene	2677	107.234000
scene	2678	107.274000
scene	2679	107.314000
scene	2680	107.354000
scene	2681	107.394000
scene	2682	107.434400
scene	2683	107.474400
scene	2684	107.514400
scene	2685	107.554400
scene	2686	107.594400
scene	2687	107.634400
scene	2688	107.674800
scene	2689	107.714800
scene	2690	107.754800
scene	2691	107.794800
scene	2692	107.834800
scene	2693	107.875200
scene	2694	107.915200
scene	2695	107.955200
scene	2696	107.995200
scene	2697	108.035200
scene	2698	108.075200
scene	2699	108.115600
scene	2700	108.155600
scene	2701	108.195600
scene	2702	108.235600
scene	2703	108.275600
scene	2704	108.315600
scene	2705	108.356000
scene	2706	108.396000
scene	2707	108.436000
scene	2708	108.476000
scene	2709	108.516000
scene	2710	108.556400
scene	2711	108.596400
scene	2712	108.636400
scene	2713	108.676400
scene	2714	108.716400
scene	2715	108.756400
scene	2716	108.796800
scene	2717	108.836800
scene	2718	108.876800
scene	2719	108.916800
scene	2720	108.956800
scene	2721	108.997200
scene	2722	109.037200
scene	2723	109.077200
scene	2724	109.117200
scene	2725	109.157200
scene	2726	109.197200
scene	2727	109.237600
scene	2728	109.277600
scene	2729	109.317600
scene	2730	109.357600
scene	2731	109.397600
scene	2732	109.438000
scene	2733	109.478000
scene	2734	109.518000
scene	2735	109.558000
scene	2736	109.598000
scene	2737	109.638000
scene	2738	109.678400
scene	2739	109.718400
scene	2740	109.758400
scene	2741	109.798400
scene	2742	109.838400
scene	2743	109.878800
scene	2744	109.918800
scene	2745	109.958800
scene	2746	109.998800
scene	2747	110.038800
scene	2748	110.078800
scene	2749	110.119200
scene	2750	110.159200
scene	2751	110.199200
scene	2752	110.239200
scene	2753	110.279200
scene	2754	110.319600
scene	2755	110.359600
scene	2756	110.399600
scene	2757	110.439600
scene	2758	110.479600
scene	2759	110.519600
scene	2760	110.560000
scene	2761	110.600000
scene	2762	110.640000
scene	2763	110.680000
scene	2764	110.720000
scene	2765	110.760400
scene	2766	110.800400
scene	2767	110.840400
scene	2768	110.880400
scene	2769	110.920400
scene	2770	110.960400
scene	2771	111.000800
scene	2772	111.040800
scene	2773	111.080800
scene	2774	111.120800
scene	2775	111.160800
scene	2776	111.201200
scene	2777	111.241200
scene	2778	111.281200
scene	2779	111.321200
scene	2780	111.361200
scene	2781	111.401200
scene	2782	111.441600
scene	2783	111.481600
scene	2784	111.521600
scene	2785	111.561600
scene	2786	111.601600
scene	2787	111.642000
scene	2788	111.682000
scene	2789	111.722000
scene	2790	111.762000
scene	2791	111.802000
scene	2792	111.842000
scene	2793	111.882400
scene	2794	111.922400
scene	2795	111.962400
scene	2796	112.002400
scene	2797	112.042400
scene	2798	112.082800
scene	2799	112.122800
scene	2800	112.162800
scene	2801	112.202800
scene	2802	112.242800
scene	2803	112.282800
scene	2804	112.323200
scene	2805	112.363200
scene	2806	112.403200
scene	2807	112.443200
scene	2808	112.483200
scene	2809	112.523600
scene	2810	112.563600
scene	2811	112.603600
scene	2812	112.643600
scene	2813	112.683600
scene	2814	112.723600
scene	2815	112.764000
scene	2816	112.804000
scene	2817	112.844000
scene	2818	112.884000
scene	2819	112.924000
scene	2820	112.964400
scene	2821	113.004400
scene	2822	113.044400
scene	2823	113.084400
scene	2824	113.124400
scene	2825	113.164400
scene	2826	113.204800
scene	2827	113.244800
scene	2828	113.284800
scene	2829	113.324800
scene	2830	113.364800
scene	2831	113.405200
scene	2832	113.445200
scene	2833	113.485200
scene	2834	113.525200
scene	2835	113.565200
scene	2836	113.605200
scene	2837	113.645600
scene	2838	113.685600
scene	2839	113.725600
scene	2840	113.765600
scene	2841	113.805600
scene	2842	113.846000
scene	2843	113.886000
scene	2844	113.926000
scene	2845	113.966000
scene	2846	114.006000
scene	2847	114.046000
scene	2848	114.086400
scene	2849	114.126400
scene	2850	114.166400
scene	2851	114.206400
scene	2852	114.246400
scene	2853	114.286800
scene	2854	114.326800
scene	2855	114.366800
scene	2856	114.406800
scene	2857	114.446800
scene	2858	114.486800
scene	2859	114.527200
scene	2860	114.567200
scene	2861	114.607200
scene	2862	114.647200
scene	2863	114.687200
scene	2864	114.727200
scene	2865	114.767600
scene	2866	114.807600
scene	2867	114.847600
scene	2868	114.887600
scene	2869	114.927600
scene	2870	114.968000
scene	2871	115.008000
scene	2872	115.048000
scene	2873	115.088000
scene	2874	115.128000
scene	2875	115.168000
scene	2876	115.208400
scene	2877	115.248400
scene	2878	115.288400
scene	2879	115.328400
scene	2880	115.368400
scene	2881	115.408800
scene	2882	115.448800
scene	2883	115.488800
scene	2884	115.528800
scene	2885	115.568800
scene	2886	115.608800
scene	2887	115.649200
scene	2888	115.689200
scene	2889	115.729200
scene	2890	115.769200
scene	2891	115.809200
scene	2892	115.849600
scene	2893	115.889600
scene	2894	115.929600
scene	2895	115.969600
scene	2896	116.009600
scene	2897	116.049600
scene	2898	116.090000
scene	2899	116.130000
scene	2900	116.170000
scene	2901	116.210000
scene	2902	116.250000
scene	2903	116.290400
scene	2904	116.330400
scene	2905	116.370400
scene	2906	116.410400
scene	2907	116.450400
scene	2908	116.490400
scene	2909	116.530800
scene	2910	116.570800
scene	2911	116.610800
scene	2912	116.650800
scene	2913	116.690800
scene	2914	116.731200
scene	2915	116.771200
scene	2916	116.811200
scene	2917	116.851200
scene	2918	116.891200
scene	2919	116.931200
scene	2920	116.971600
scene	2921	117.011600
scene	2922	117.051600
scene	2923	117.091600
scene	2924	117.131600
scene	2925	117.172000
scene	2926	117.212000
scene	2927	117.252000
scene	2928	117.292000
scene	2929	117.332000
scene	2930	117.372000
scene	2931	117.412400
scene	2932	117.452400
scene	2933	117.492400
scene	2934	117.532400
scene	2935	117.572400
scene	2936	117.612800
scene	2937	117.652800
scene	2938	117.692800
scene	2939	117.732800
scene	2940	117.772800
scene	2941	117.812800
scene	2942	117.853200
scene	2943	117.893200
scene	2944	117.933200
scene	2945	117.973200
scene	2946	118.013200
scene	2947	118.053600
scene	2948	118.093600
scene	2949	118.133600
scene	2950	118.173600
scene	2951	118.213600
scene	2952	118.253600
scene	2953	118.294000
scene	2954	118.334000
scene	2955	118.374000
scene	2956	118.414000
scene	2957	118.454000
scene	2958	118.494400
scene	2959	118.534400
scene	2960	118.574400
scene	2961	118.614400
scene	2962	118.654400
scene	2963	118.694400
scene	2964	118.734800
scene	2965	118.774800
scene	2966	118.814800
scene	2967	118.854800
scene	2968	118.894800
scene	2969	118.935200
scene	2970	118.975200
scene	2971	119.015200
scene	2972	119.055200
scene	2973	119.095200
scene	2974	119.135200
scene	2975	119.175600
scene	2976	119.215600
scene	2977	119.255600
scene	2978	119.295600
scene	2979	119.335600
scene	2980	119.376000
scene	2981	119.416000
scene	2982	119.456000
scene	2983	119.496000
scene	2984	119.536000
scene	2985	119.576000
scene	2986	119.616400
scene	2987	119.656400
scene	2988	119.696400
scene	2989	119.736400
scene	2990	119.776400
scene	2991	119.816800
scene	2992	119.856800
scene	2993	119.896800
scene	2994	119.936800
scene	2995	119.976800
scene	2996	120.016800
scene	2997	120.057200
scene	2998	120.097200
scene	2999	120.137200
scene	3000	120.177200
scene	3001	120.217200
scene	3002	120.257600
scene	3003	120.297600
scene	3004	120.337600
scene	3005	120.377600
scene	3006	120.417600
scene	3007	120.457600
scene	3008	120.498000
scene	3009	120.538000
scene	3010	120.578000
scene	3011	120.618000
scene	3012	120.658000
scene	3013	120.698400
scene	3014	120.738400
scene	3015	120.778400
scene	3016	120.818400
scene	3017	120.858400
scene	3018	120.898400
scene	3019	120.938800
scene	3020	120.978800
scene	3021	121.018800
scene	3022	121.058800
scene	3023	121.098800
scene	3024	121.138800
scene	3025	121.179200
scene	3026	121.219200
scene	3027	121.259200
scene	3028	121.299200
scene	3029	121.339200
scene	3030	121.379600
scene	3031	121.419600
scene	3032	121.459600
scene	3033	121.499600
scene	3034	121.539600
scene	3035	121.579600
scene	3036	121.620000
scene	3037	121.660000
scene	3038	121.700000
scene	3039	121.740000
scene	3040	121.780000
scene	3041	121.820400
scene	3042	121.860400
scene	3043	121.900400
scene	3044	121.940400
scene	3045	121.980400
scene	3046	122.020400
scene	3047	122.060800
scene	3048	122.100800
scene	3049	122.140800
scene	3050	122.180800
scene	3051	122.220800
scene	3052	122.261200
scene	3053	122.301200
scene	3054	122.341200
scene	3055	122.381200
scene	3056	122.421200
scene	3057	122.461200
scene	3058	122.501600
scene	3059	122.541600
scene	3060	122.581600
scene	3061	122.621600
scene	3062	122.661600
scene	3063	122.702000
scene	3064	122.742000
scene	3065	122.782000
scene	3066	122.822000
scene	3067	122.862000
scene	3068	122.902000
scene	3069	122.942400
scene	3070	122.982400
scene	3071	123.022400
scene	3072	123.062400
scene	3073	123.102400
scene	3074	123.142800
scene	3075	123.182800
scene	3076	123.222800
scene	3077	123.262800
scene	3078	123.302800
scene	3079	123.342800
scene	3080	123.383200
scene	3081	123.423200
scene	3082	123.463200
scene	3083	123.503200
scene	3084	123.543200
scene	3085	123.583600
scene	3086	123.623600
scene	3087	123.663600
scene	3088	123.703600
scene	3089	123.743600
scene	3090	123.783600
scene	3091	123.824000
scene	3092	123.864000
scene	3093	123.904000
scene	3094	123.944000
scene	3095	123.984000
scene	3096	124.024400
scene	3097	124.064400
scene	3098	124.104400
scene	3099	124.144400
scene	3100	124.184400
scene	3101	124.224400
scene	3102	124.264800
scene	3103	124.304800
scene	3104	124.344800
scene	3105	124.384800
scene	3106	124.424800
scene	3107	124.465200
scene	3108	124.505200
scene	3109	124.545200
scene	3110	124.585200
scene	3111	124.625200
scene	3112	124.665200
scene	3113	124.705600
scene	3114	124.745600
scene	3115	124.785600
scene	3116	124.825600
scene	3117	124.865600
scene	3118	124.906000
scene	3119	124.946000
scene	3120	124.986000
scene	3121	125.026000
scene	3122	125.066000
scene	3123	125.106000
scene	3124	125.146400
scene	3125	125.186400
scene	3126	125.226400
scene	3127	125.266400
scene	3128	125.306400
scene	3129	125.346800
scene	3130	125.386800
scene	3131	125.426800
scene	3132	125.466800
scene	3133	125.506800
scene	3134	125.546800
scene	3135	125.587200
scene	3136	125.627200
scene	3137	125.667200
scene	3138	125.707200
scene	3139	125.747200
scene	3140	125.787600
scene	3141	125.827600
scene	3142	125.867600
scene	3143	125.907600
scene	3144	125.947600
scene	3145	125.987600
scene	3146	126.028000
scene	3147	126.068000
scene	3148	126.108000
scene	3149	126.148000
scene	3150	126.188000
scene	3151	126.228400
scene	3152	126.268400
scene	3153	126.308400
scene	3154	126.348400
scene	3155	126.388400
scene	3156	126.428400
scene	3157	126.468800
scene	3158	126.508800
scene	3159	126.548800
scene	3160	126.588800
scene	3161	126.628800
scene	3162	126.669200
scene	3163	126.709200
scene	3164	126.749200
scene	3165	126.789200
scene	3166	126.829200
scene	3167	126.869200
scene	3168	126.909600
scene	3169	126.949600
scene	3170	126.989600
scene	3171	127.029600
scene	3172	127.069600
scene	3173	127.110000
scene	3174	127.150000
scene	3175	127.190000
scene	3176	127.230000
scene	3177	127.270000
scene	3178	127.310000
scene	3179	127.350400
scene	3180	127.390400
scene	3181	127.430400
scene	3182	127.470400
scene	3183	127.510400
scene	3184	127.550400
scene	3185	127.590800
scene	3186	127.630800
scene	3187	127.670800
scene	3188	127.710800
scene	3189	127.750800
scene	3190	127.791200
scene	3191	127.831200
scene	3192	127.871200
scene	3193	127.911200
scene	3194	127.951200
scene	3195	127.991200
scene	3196	128.031600
scene	3197	128.071600
scene	3198	128.111600
scene	3199	128.151600
scene	3200	128.191600
scene	3201	128.232000
scene	3202	128.272000
scene	3203	128.312000
scene	3204	128.352000
scene	3205	128.392000
scene	3206	128.432000
scene	3207	128.472400
scene	3208	128.512400
scene	3209	128.552400
scene	3210	128.592400
scene	3211	128.632400
scene	3212	128.672800
scene	3213	128.712800
scene	3214	128.752800
scene	3215	128.792800
scene	3216	128.832800
scene	3217	128.872800
scene	3218	128.913200
scene	3219	128.953200
scene	3220	128.993200
scene	3221	129.033200
scene	3222	129.073200
scene	3223	129.113600
scene	3224	129.153600
scene	3225	129.193600
scene	3226	129.233600
scene	3227	129.273600
scene	3228	129.313600
scene	3229	129.354000
scene	3230	129.394000
scene	3231	129.434000
scene	3232	129.474000
scene	3233	129.514000
scene	3234	129.554400
scene	3235	129.594400
scene	3236	129.634400
scene	3237	129.674400
scene	3238	129.714400
scene	3239	129.754400
scene	3240	129.794800
scene	3241	129.834800
scene	3242	129.874800
scene	3243	129.914800
scene	3244	129.954800
scene	3245	129.995200
scene	3246	130.035200
scene	3247	130.075200
scene	3248	130.115200
scene	3249	130.155200
scene	3250	130.195200
scene	3251	130.235600
scene	3252	130.275600
scene	3253	130.315600
scene	3254	130.355600
scene	3255	130.395600
scene	3256	130.436000
scene	3257	130.476000
scene	3258	130.516000
scene	3259	130.556000
scene	3260	130.596000
scene	3261	130.636000
scene	3262	130.676400
scene	3263	130.716400
scene	3264	130.756400
scene	3265	130.796400
scene	3266	130.836400
scene	3267	130.876800
scene	3268	130.916800
scene	3269	130.956800
scene	3270	130.996800
scene	3271	131.036800
scene	3272	131.076800
scene	3273	131.117200
scene	3274	131.157200
scene	3275	131.197200
scene	3276	131.237200
scene	3277	131.277200
scene	3278	131.317600
scene	3279	131.357600
scene	3280	131.397600
scene	3281	131.437600
scene	3282	131.477600
scene	3283	131.517600
scene	3284	131.558000
scene	3285	131.598000
scene	3286	131.638000
scene	3287	131.678000
scene	3288	131.718000
scene	3289	131.758400
scene	3290	131.798400
scene	3291	131.838400
scene	3292	131.878400
scene	3293	131.918400
scene	3294	131.958400
scene	3295	131.998800
scene	3296	132.038800
scene	3297	132.078800
scene	3298	132.118800
scene	3299	132.158800
scene	3300	132.199200
scene	3301	132.239200
scene	3302	132.279200
scene	3303	132.319200
scene	3304	132.359200
scene	3305	132.399200
scene	3306	132.439600
scene	3307	132.479600
scene	3308	132.519600
scene	3309	132.559600
scene	3310	132.599600
scene	3311	132.640000
scene	3312	132.680000
scene	3313	132.720000
scene	3314	132.760000
scene	3315	132.800000
scene	3316	132.840000
scene	3317	132.880400
scene	3318	132.920400
scene	3319	132.960400
scene	3320	133.000400
scene	3321	133.040400
scene	3322	133.080800
scene	3323	133.120800
scene	3324	133.160800
scene	3325	133.200800
scene	3326	133.240800
scene	3327	133.280800
scene	3328	133.321200
scene	3329	133.361200
scene	3330	133.401200
scene	3331	133.441200
scene	3332	133.481200
scene	3333	133.521600
scene	3334	133.561600
scene	3335	133.601600
scene	3336	133.641600
scene	3337	133.681600
scene	3338	133.721600
scene	3339	133.762000
scene	3340	133.802000
scene	3341	133.842000
scene	3342	133.882000
scene	3343	133.922000
scene	3344	133.962000
scene	3345	134.002400
scene	3346	134.042400
scene	3347	134.082400
scene	3348	134.122400
scene	3349	134.162400
scene	3350	134.202800
scene	3351	134.242800
scene	3352	134.282800
scene	3353	134.322800
scene	3354	134.362800
scene	3355	134.402800
scene	3356	134.443200
scene	3357	134.483200
scene	3358	134.523200
scene	3359	134.563200
scene	3360	134.603200
scene	3361	134.643600
scene	3362	134.683600
scene	3363	134.723600
scene	3364	134.763600
scene	3365	134.803600
scene	3366	134.843600
scene	3367	134.884000
scene	3368	134.924000
scene	3369	134.964000
scene	3370	135.004000
scene	3371	135.044000
scene	3372	135.084400
scene	3373	135.124400
scene	3374	135.164400
scene	3375	135.204400
scene	3376	135.244400
scene	3377	135.284400
scene	3378	135.324800
scene	3379	135.364800
scene	3380	135.404800
scene	3381	135.444800
scene	3382	135.484800
scene	3383	135.525200
scene	3384	135.565200
scene	3385	135.605200
scene	3386	135.645200
scene	3387	135.685200
scene	3388	135.725200
scene	3389	135.765600
scene	3390	135.805600
scene	3391	135.845600
scene	3392	135.885600
scene	3393	135.925600
scene	3394	135.966000
scene	3395	136.006000
scene	3396	136.046000
scene	3397	136.086000
scene	3398	136.126000
scene	3399	136.166000
scene	3400	136.206400
scene	3401	136.246400
scene	3402	136.286400
scene	3403	136.326400
scene	3404	136.366400
scene	3405	136.406800
scene	3406	136.446800
scene	3407	136.486800
scene	3408	136.526800
scene	3409	136.566800
scene	3410	136.606800
scene	3411	136.647200
scene	3412	136.687200
scene	3413	136.727200
scene	3414	136.767200
scene	3415	136.807200
scene	3416	136.847600
scene	3417	136.887600
scene	3418	136.927600
scene	3419	136.967600
scene	3420	137.007600
scene	3421	137.047600
scene	3422	137.088000
scene	3423	137.128000
scene	3424	137.168000
scene	3425	137.208000
scene	3426	137.248000
scene	3427	137.288400
scene	3428	137.328400
scene	3429	137.368400
scene	3430	137.408400
scene	3431	137.448400
scene	3432	137.488400
scene	3433	137.528800
scene	3434	137.568800
scene	3435	137.608800
scene	3436	137.648800
scene	3437	137.688800
scene	3438	137.729200
scene	3439	137.769200
scene	3440	137.809200
scene	3441	137.849200
scene	3442	137.889200
scene	3443	137.929200
scene	3444	137.969600
scene	3445	138.009600
scene	3446	138.049600
scene	3447	138.089600
scene	3448	138.129600
scene	3449	138.170000
scene	3450	138.210000
scene	3451	138.250000
scene	3452	138.290000
scene	3453	138.330000
scene	3454	138.370000
scene	3455	138.410400
scene	3456	138.450400
scene	3457	138.490400
scene	3458	138.530400
scene	3459	138.570400
scene	3460	138.610800
scene	3461	138.650800
scene	3462	138.690800
scene	3463	138.730800
scene	3464	138.770800
scene	3465	138.810800
scene	3466	138.851200
scene	3467	138.891200
scene	3468	138.931200
scene	3469	138.971200
scene	3470	139.011200
scene	3471	139.051600
scene	3472	139.091600
scene	3473	139.131600
scene	3474	139.171600
scene	3475	139.211600
scene	3476	139.251600
scene	3477	139.292000
scene	3478	139.332000
scene	3479	139.372000
scene	3480	139.412000
scene	3481	139.452000
scene	3482	139.492400
scene	3483	139.532400
scene	3484	139.572400
scene	3485	139.612400
scene	3486	139.652400
scene	3487	139.692400
scene	3488	139.732800
scene	3489	139.772800
scene	3490	139.812800
scene	3491	139.852800
scene	3492	139.892800
scene	3493	139.933200
scene	3494	139.973200
scene	3495	140.013200
scene	3496	140.053200
scene	3497	140.093200
scene	3498	140.133200
scene	3499	140.173600
scene	3500	140.213600
scene	3501	140.253600
scene	3502	140.293600
scene	3503	140.333600
scene	3504	140.373600
scene	3505	140.414000
scene	3506	140.454000
scene	3507	140.494000
scene	3508	140.534000
scene	3509	140.574000
scene	3510	140.614400
scene	3511	140.654400
scene	3512	140.694400
scene	3513	140.734400
scene	3514	140.774400
scene	3515	140.814400
scene	3516	140.854800
scene	3517	140.894800
scene	3518	140.934800
scene	3519	140.974800
scene	3520	141.014800
scene	3521	141.055200
scene	3522	141.095200
scene	3523	141.135200
scene	3524	141.175200
scene	3525	141.215200
scene	3526	141.255200
scene	3527	141.295600
scene	3528	141.335600
scene	3529	141.375600
scene	3530	141.415600
scene	3531	141.455600
scene	3532	141.496000
scene	3533	141.536000
scene	3534	141.576000
scene	3535	141.616000
scene	3536	141.656000
scene	3537	141.696000
scene	3538	141.736400
scene	3539	141.776400
scene	3540	141.816400
scene	3541	141.856400
scene	3542	141.896400
scene	3543	141.936800
scene	3544	141.976800
scene	3545	142.016800
scene	3546	142.056800
scene	3547	142.096800
scene	3548	142.136800
scene	3549	142.177200
scene	3550	142.217200
scene	3551	142.257200
scene	3552	142.297200
scene	3553	142.337200
scene	3554	142.377600
scene	3555	142.417600
scene	3556	142.457600
scene	3557	142.497600
scene	3558	142.537600
scene	3559	142.577600
scene	3560	142.618000
scene	3561	142.658000
scene	3562	142.698000
scene	3563	142.738000
scene	3564	142.778000
scene	3565	142.818400
scene	3566	142.858400
scene	3567	142.898400
scene	3568	142.938400
scene	3569	142.978400
scene	3570	143.018400
scene	3571	143.058800
scene	3572	143.098800
scene	3573	143.138800
scene	3574	143.178800
scene	3575	143.218800
scene	3576	143.259200
scene	3577	143.299200
scene	3578	143.339200
scene	3579	143.379200
scene	3580	143.419200
scene	3581	143.459200
scene	3582	143.499600
scene	3583	143.539600
scene	3584	143.579600
scene	3585	143.619600
scene	3586	143.659600
scene	3587	143.700000
scene	3588	143.740000
scene	3589	143.780000
scene	3590	143.820000
scene	3591	143.860000
scene	3592	143.900000
scene	3593	143.940400
scene	3594	143.980400
scene	3595	144.020400
scene	3596	144.060400
scene	3597	144.100400
scene	3598	144.140800
scene	3599	144.180800
scene	3600	144.220800
scene	3601	144.260800
scene	3602	144.300800
scene	3603	144.340800
scene	3604	144.381200
scene	3605	144.421200
scene	3606	144.461200
scene	3607	144.501200
scene	3608	144.541200
scene	3609	144.581600
scene	3610	144.621600
scene	3611	144.661600
scene	3612	144.701600
scene	3613	144.741600
scene	3614	144.781600
scene	3615	144.822000
scene	3616	144.862000
scene	3617	144.902000
scene	3618	144.942000
scene	3619	144.982000
scene	3620	145.022400
scene	3621	145.062400
scene	3622	145.102400
scene	3623	145.142400
scene	3624	145.182400
scene	3625	145.222400
scene	3626	145.262800
scene	3627	145.302800
scene	3628	145.342800
scene	3629	145.382800
scene	3630	145.422800
scene	3631	145.463200
scene	3632	145.503200
scene	3633	145.543200
scene	3634	145.583200
scene	3635	145.623200
scene	3636	145.663200
scene	3637	145.703600
scene	3638	145.743600
scene	3639	145.783600
scene	3640	145.823600
scene	3641	145.863600
scene	3642	145.904000
scene	3643	145.944000
scene	3644	145.984000
scene	3645	146.024000
scene	3646	146.064000
scene	3647	146.104000
scene	3648	146.144400
scene	3649	146.184400
scene	3650	146.224400
scene	3651	146.264400
scene	3652	146.304400
scene	3653	146.344800
scene	3654	146.384800
scene	3655	146.424800
scene	3656	146.464800
scene	3657	146.504800
scene	3658	146.544800
scene	3659	146.585200
scene	3660	146.625200
scene	3661	146.665200
scene	3662	146.705200
scene	3663	146.745200
scene	3664	146.785200
scene	3665	146.825600
scene	3666	146.865600
scene	3667	146.905600
scene	3668	146.945600
scene	3669	146.985600
scene	3670	147.026000
scene	3671	147.066000
scene	3672	147.106000
scene	3673	147.146000
scene	3674	147.186000
scene	3675	147.226000
scene	3676	147.266400
scene	3677	147.306400
scene	3678	147.346400
scene	3679	147.386400
scene	3680	147.426400
scene	3681	147.466800
scene	3682	147.506800
scene	3683	147.546800
scene	3684	147.586800
scene	3685	147.626800
scene	3686	147.666800
scene	3687	147.707200
scene	3688	147.747200
scene	3689	147.787200
scene	3690	147.827200
scene	3691	147.867200
scene	3692	147.907600
scene	3693	147.947600
scene	3694	147.987600
scene	3695	148.027600
scene	3696	148.067600
scene	3697	148.107600
scene	3698	148.148000
scene	3699	148.188000
scene	3700	148.228000
scene	3701	148.268000
scene	3702	148.308000
scene	3703	148.348400
scene	3704	148.388400
scene	3705	148.428400
scene	3706	148.468400
scene	3707	148.508400
scene	3708	148.548400
scene	3709	148.588800
scene	3710	148.628800
scene	3711	148.668800
scene	3712	148.708800
scene	3713	148.748800
scene	3714	148.789200
scene	3715	148.829200
scene	3716	148.869200
scene	3717	148.909200
scene	3718	148.949200
scene	3719	148.989200
scene	3720	149.029600
scene	3721	149.069600
scene	3722	149.109600
scene	3723	149.149600
scene	3724	149.189600
scene	3725	149.230000
scene	3726	149.270000
scene	3727	149.310000
scene	3728	149.350000
scene	3729	149.390000
scene	3730	149.430000
scene	3731	149.470400
scene	3732	149.510400
scene	3733	149.550400
scene	3734	149.590400
scene	3735	149.630400
scene	3736	149.670800
scene	3737	149.710800
scene	3738	149.750800
scene	3739	149.790800
scene	3740	149.830800
scene	3741	149.870800
scene	3742	149.911200
scene	3743	149.951200
scene	3744	149.991200
scene	3745	150.031200
scene	3746	150.071200
scene	3747	150.111600
scene	3748	150.151600
scene	3749	150.191600
scene	3750	150.231600
scene	3751	150.271600
scene	3752	150.311600
scene	3753	150.352000
scene	3754	150.392000
scene	3755	150.432000
scene	3756	150.472000
scene	3757	150.512000
scene	3758	150.552400
scene	3759	150.592400
scene	3760	150.632400
scene	3761	150.672400
scene	3762	150.712400
scene	3763	150.752400
scene	3764	150.792800
scene	3765	150.832800
scene	3766	150.872800
scene	3767	150.912800
scene	3768	150.952800
scene	3769	150.993200
scene	3770	151.033200
scene	3771	151.073200
scene	3772	151.113200
scene	3773	151.153200
scene	3774	151.193200
scene	3775	151.233600
scene	3776	151.273600
scene	3777	151.313600
scene	3778	151.353600
scene	3779	151.393600
scene	3780	151.434000
scene	3781	151.474000
scene	3782	151.514000
scene	3783	151.554000
scene	3784	151.594000
scene	3785	151.634000
scene	3786	151.674400
scene	3787	151.714400
scene	3788	151.754400
scene	3789	151.794400
scene	3790	151.834400
scene	3791	151.874800
scene	3792	151.914800
scene	3793	151.954800
scene	3794	151.994800
scene	3795	152.034800
scene	3796	152.074800
scene	3797	152.115200
scene	3798	152.155200
scene	3799	152.195200
scene	3800	152.235200
scene	3801	152.275200
scene	3802	152.315600
scene	3803	152.355600
scene	3804	152.395600
scene	3805	152.435600
scene	3806	152.475600
scene	3807	152.515600
scene	3808	152.556000
scene	3809	152.596000
scene	3810	152.636000
scene	3811	152.676000
scene	3812	152.716000
scene	3813	152.756400
scene	3814	152.796400
scene	3815	152.836400
scene	3816	152.876400
scene	3817	152.916400
scene	3818	152.956400
scene	3819	152.996800
scene	3820	153.036800
scene	3821	153.076800
scene	3822	153.116800
scene	3823	153.156800
scene	3824	153.196800
scene	3825	153.237200
scene	3826	153.277200
scene	3827	153.317200
scene	3828	153.357200
scene	3829	153.397200
scene	3830	153.437600
scene	3831	153.477600
scene	3832	153.517600
scene	3833	153.557600
scene	3834	153.597600
scene	3835	153.637600
scene	3836	153.678000
scene	3837	153.718000
scene	3838	153.758000
scene	3839	153.798000
scene	3840	153.838000
scene	3841	153.878400
